Sujeto	Accuracy	F1_Macro	F1_Clase	anotaciones_predic	y_true
sub-174	0.2912524850894632	0.09022324865280985	[0.         0.         0.45111624 0.         0.        ]	[2, 2, 2, 2, 2, 2, 2, 2, 2, 2, 2, 2, 2, 2, 2, 2, 2, 2, 2, 2, 2, 2, 2, 2, 2, 2, 2, 2, 2, 2, 2, 2, 2, 2, 2, 2, 2, 2, 2, 2, 2, 2, 2, 2, 2, 2, 2, 2, 2, 2, 2, 2, 2, 2, 2, 2, 2, 2, 2, 2, 2, 2, 2, 2, 2, 2, 2, 2, 2, 2, 2, 2, 2, 2, 2, 2, 2, 2, 2, 2, 2, 2, 2, 2, 2, 2, 2, 2, 2, 2, 2, 2, 2, 2, 2, 2, 2, 2, 2, 2, 2, 2, 2, 2, 2, 2, 2, 2, 2, 2, 2, 2, 2, 2, 2, 2, 2, 2, 2, 2, 2, 2, 2, 2, 2, 2, 2, 2, 2, 2, 2, 2, 2, 2, 2, 2, 2, 2, 2, 2, 2, 2, 2, 2, 2, 2, 2, 2, 2, 2, 2, 2, 2, 2, 2, 2, 2, 2, 2, 2, 2, 2, 2, 2, 2, 2, 2, 2, 2, 2, 2, 2, 2, 2, 2, 2, 2, 2, 2, 2, 2, 2, 2, 2, 2, 2, 2, 2, 2, 2, 2, 2, 2, 2, 2, 2, 2, 2, 2, 2, 2, 2, 2, 2, 2, 2, 2, 2, 2, 2, 2, 2, 2, 2, 2, 2, 2, 2, 2, 2, 2, 2, 2, 2, 2, 2, 2, 2, 2, 2, 2, 2, 2, 2, 2, 2, 2, 2, 2, 2, 2, 2, 2, 2, 2, 2, 2, 2, 2, 2, 2, 2, 2, 2, 2, 2, 2, 2, 2, 2, 2, 2, 2, 2, 2, 2, 2, 2, 2, 2, 2, 2, 2, 2, 2, 2, 2, 2, 2, 2, 2, 2, 2, 2, 2, 2, 2, 2, 2, 2, 2, 2, 2, 2, 2, 2, 2, 2, 2, 2, 2, 2, 2, 2, 2, 2, 2, 2, 2, 2, 2, 2, 2, 2, 2, 2, 2, 2, 2, 2, 2, 2, 2, 2, 2, 2, 2, 2, 2, 2, 2, 2, 2, 2, 2, 2, 2, 2, 2, 2, 2, 2, 2, 2, 2, 2, 2, 2, 2, 2, 2, 2, 2, 2, 2, 2, 2, 2, 2, 2, 2, 2, 2, 2, 2, 2, 2, 2, 2, 2, 2, 2, 2, 2, 2, 2, 2, 2, 2, 2, 2, 2, 2, 2, 2, 2, 2, 2, 2, 2, 2, 2, 2, 2, 2, 2, 2, 2, 2, 2, 2, 2, 2, 2, 2, 2, 2, 2, 2, 2, 2, 2, 2, 2, 2, 2, 2, 2, 2, 2, 2, 2, 2, 2, 2, 2, 2, 2, 2, 2, 2, 2, 2, 2, 2, 2, 2, 2, 2, 2, 2, 2, 2, 2, 2, 2, 2, 2, 2, 2, 2, 2, 2, 2, 2, 2, 2, 2, 2, 2, 2, 2, 2, 2, 2, 2, 2, 2, 2, 2, 2, 2, 2, 2, 2, 2, 2, 2, 2, 2, 2, 2, 2, 2, 2, 2, 2, 2, 2, 2, 2, 2, 2, 2, 2, 2, 2, 2, 2, 2, 2, 2, 2, 2, 2, 2, 2, 2, 2, 2, 2, 2, 2, 2, 2, 2, 2, 2, 2, 2, 2, 2, 2, 2, 2, 2, 2, 2, 2, 2, 2, 2, 2, 2, 2, 2, 2, 2, 2, 2, 2, 2, 2, 2, 2, 2, 2, 2, 2, 2, 2, 2, 2, 2, 2, 2, 2, 2, 2, 2, 2, 2, 2, 2, 2, 2, 2, 2, 2, 2, 2, 2, 2, 2, 2, 2, 2, 2, 2, 2, 2, 2, 2, 2, 2, 2, 2, 2, 2, 2, 2, 2, 2, 2, 2, 2, 2, 2, 2, 2, 2, 2, 2, 2, 2, 2, 2, 2, 2, 2, 2, 2, 2, 2, 2, 2, 2, 2, 2, 2, 2, 2, 2, 2, 2, 2, 2, 2, 2, 2, 2, 2, 2, 2, 2, 2, 2, 2, 2, 2, 2, 2, 2, 2, 2, 2, 2, 2, 2, 2, 2, 2, 2, 2, 2, 2, 2, 2, 2, 2, 2, 2, 2, 2, 2, 2, 2, 2, 2, 2, 2, 2, 2, 2, 2, 2, 2, 2, 2, 2, 2, 2, 2, 2, 2, 2, 2, 2, 2, 2, 2, 2, 2, 2, 2, 2, 2, 2, 2, 2, 2, 2, 2, 2, 2, 2, 2, 2, 2, 2, 2, 2, 2, 2, 2, 2, 2, 2, 2, 2, 2, 2, 2, 2, 2, 2, 2, 2, 2, 2, 2, 2, 2, 2, 2, 2, 2, 2, 2, 2, 2, 2, 2, 2, 2, 2, 2, 2, 2, 2, 2, 2, 2, 2, 2, 2, 2, 2, 2, 2, 2, 2, 2, 2, 2, 2, 2, 2, 2, 2, 2, 2, 2, 2, 2, 2, 2, 2, 2, 2, 2, 2, 2, 2, 2, 2, 2, 2, 2, 2, 2, 2, 2, 2, 2, 2, 2, 2, 2, 2, 2, 2, 2, 2, 2, 2, 2, 2, 2, 2, 2, 2, 2, 2, 2, 2, 2, 2, 2, 2, 2, 2, 2, 2, 2, 2, 2, 2, 2, 2, 2, 2, 2, 2, 2, 2, 2, 2, 2, 2, 2, 2, 2, 2, 2, 2, 2, 2, 2, 2, 2, 2, 2, 2, 2, 2, 2, 2, 2, 2, 2, 2, 2, 2, 2, 2, 2, 2, 2, 2, 2, 2, 2, 2, 2, 2, 2, 2, 2, 2, 2, 2, 2, 2, 2, 2, 2, 2, 2, 2, 2, 2, 2, 2, 2, 2, 2, 2, 2, 2, 2, 2, 2, 2, 2, 2, 2, 2, 2, 2, 2, 2, 2, 2, 2, 2, 2, 2, 2, 2, 2, 2, 2, 2, 2, 2, 2, 2, 2, 2, 2, 2, 2, 2, 2, 2, 2, 2, 2, 2, 2, 2, 2, 2, 2, 2, 2, 2, 2, 2, 2, 2, 2, 2, 2, 2, 2, 2, 2, 2, 2, 2, 2, 2, 2, 2, 2, 2, 2, 2, 2, 2, 2, 2, 2, 2, 2, 2, 2, 2, 2, 2, 2, 2, 2, 2, 2, 2, 2, 2, 2, 2, 2, 2, 2, 2, 2, 2, 2, 2, 2, 2, 2, 2, 2, 2]	"[[0]
 [0]
 [0]
 ...
 [0]
 [0]
 [0]]"
sub-193	0.4043887147335423	0.11517857142857142	[0.         0.         0.57589286 0.         0.        ]	[2, 2, 2, 2, 2, 2, 2, 2, 2, 2, 2, 2, 2, 2, 2, 2, 2, 2, 2, 2, 2, 2, 2, 2, 2, 2, 2, 2, 2, 2, 2, 2, 2, 2, 2, 2, 2, 2, 2, 2, 2, 2, 2, 2, 2, 2, 2, 2, 2, 2, 2, 2, 2, 2, 2, 2, 2, 2, 2, 2, 2, 2, 2, 2, 2, 2, 2, 2, 2, 2, 2, 2, 2, 2, 2, 2, 2, 2, 2, 2, 2, 2, 2, 2, 2, 2, 2, 2, 2, 2, 2, 2, 2, 2, 2, 2, 2, 2, 2, 2, 2, 2, 2, 2, 2, 2, 2, 2, 2, 2, 2, 2, 2, 2, 2, 2, 2, 2, 2, 2, 2, 2, 2, 2, 2, 2, 2, 2, 2, 2, 2, 2, 2, 2, 2, 2, 2, 2, 2, 2, 2, 2, 2, 2, 2, 2, 2, 2, 2, 2, 2, 2, 2, 2, 2, 2, 2, 2, 2, 2, 2, 2, 2, 2, 2, 2, 2, 2, 2, 2, 2, 2, 2, 2, 2, 2, 2, 2, 2, 2, 2, 2, 2, 2, 2, 2, 2, 2, 2, 2, 2, 2, 2, 2, 2, 2, 2, 2, 2, 2, 2, 2, 2, 2, 2, 2, 2, 2, 2, 2, 2, 2, 2, 2, 2, 2, 2, 2, 2, 2, 2, 2, 2, 2, 2, 2, 2, 2, 2, 2, 2, 2, 2, 2, 2, 2, 2, 2, 2, 2, 2, 2, 2, 2, 2, 2, 2, 2, 2, 2, 2, 2, 2, 2, 2, 2, 2, 2, 2, 2, 2, 2, 2, 2, 2, 2, 2, 2, 2, 2, 2, 2, 2, 2, 2, 2, 2, 2, 2, 2, 2, 2, 2, 2, 2, 2, 2, 2, 2, 2, 2, 2, 2, 2, 2, 2, 2, 2, 2, 2, 2, 2, 2, 2, 2, 2, 2, 2, 2, 2, 2, 2, 2, 2, 2, 2, 2, 2, 2, 2, 2, 2, 2, 2, 2, 2, 2, 2, 2, 2, 2, 2, 2, 2, 2, 2, 2, 2, 2, 2, 2, 2, 2, 2, 2, 2, 2, 2, 2, 2, 2, 2, 2, 2, 2, 2, 2, 2, 2, 2, 2, 2, 2, 2, 2, 2, 2, 2, 2, 2, 2, 2, 2, 2, 2, 2, 2, 2, 2, 2, 2, 2, 2, 2, 2, 2, 2, 2, 2, 2, 2, 2, 2, 2, 2, 2, 2, 2, 2, 2, 2, 2, 2, 2, 2, 2, 2, 2, 2, 2, 2, 2, 2, 2, 2, 2, 2, 2, 2, 2, 2, 2, 2, 2, 2, 2, 2, 2, 2, 2, 2, 2, 2, 2, 2, 2, 2, 2, 2, 2, 2, 2, 2, 2, 2, 2, 2, 2, 2, 2, 2, 2, 2, 2, 2, 2, 2, 2, 2, 2, 2, 2, 2, 2, 2, 2, 2, 2, 2, 2, 2, 2, 2, 2, 2, 2, 2, 2, 2, 2, 2, 2, 2, 2, 2, 2, 2, 2, 2, 2, 2, 2, 2, 2, 2, 2, 2, 2, 2, 2, 2, 2, 2, 2, 2, 2, 2, 2, 2, 2, 2, 2, 2, 2, 2, 2, 2, 2, 2, 2, 2, 2, 2, 2, 2, 2, 2, 2, 2, 2, 2, 2, 2, 2, 2, 2, 2, 2, 2, 2, 2, 2, 2, 2, 2, 2, 2, 2, 2, 2, 2, 2, 2, 2, 2, 2, 2, 2, 2, 2, 2, 2, 2, 2, 2, 2, 2, 2, 2, 2, 2, 2, 2, 2, 2, 2, 2, 2, 2, 2, 2, 2, 2, 2, 2, 2, 2, 2, 2, 2, 2, 2, 2, 2, 2, 2, 2, 2, 2, 2, 2, 2, 2, 2, 2, 2, 2, 2, 2, 2, 2, 2, 2, 2, 2, 2, 2, 2, 2, 2, 2, 2, 2, 2, 2, 2, 2, 2, 2, 2, 2, 2, 2, 2, 2, 2, 2, 2, 2, 2, 2, 2, 2, 2, 2, 2, 2, 2, 2, 2, 2, 2, 2, 2, 2, 2, 2, 2, 2, 2, 2, 2, 2, 2, 2, 2, 2, 2, 2, 2, 2, 2, 2, 2, 2, 2, 2, 2, 2, 2, 2, 2, 2, 2, 2, 2, 2, 2, 2, 2, 2, 2, 2, 2, 2, 2, 2, 2, 2, 2, 2, 2, 2, 2, 2, 2, 2, 2, 2, 2, 2, 2, 2, 2, 2, 2, 2, 2, 2, 2, 2, 2, 2, 2, 2, 2, 2, 2, 2, 2, 2, 2, 2, 2, 2, 2, 2, 2, 2, 2, 2, 2, 2, 2, 2, 2, 2, 2, 2, 2, 2, 2, 2, 2, 2, 2, 2, 2, 2, 2, 2, 2, 2, 2, 2, 2, 2, 2, 2, 2, 2, 2, 2, 2, 2, 2, 2, 2, 2, 2, 2, 2, 2, 2, 2, 2, 2, 2, 2, 2, 2, 2, 2, 2, 2, 2, 2, 2, 2, 2, 2, 2, 2, 2, 2, 2, 2, 2, 2, 2, 2, 2, 2, 2, 2, 2, 2, 2, 2, 2, 2, 2, 2, 2, 2, 2, 2, 2, 2, 2, 2, 2, 2, 2, 2, 2, 2, 2, 2, 2, 2, 2, 2, 2, 2, 2, 2, 2, 2, 2, 2, 2, 2, 2, 2, 2, 2, 2, 2, 2, 2, 2, 2, 2, 2, 2, 2, 2, 2, 2, 2, 2, 2, 2, 2, 2, 2, 2, 2, 2, 2, 2, 2, 2, 2, 2, 2, 2, 2, 2, 2, 2, 2, 2, 2, 2, 2, 2, 2, 2, 2, 2, 2, 2, 2, 2, 2, 2, 2, 2, 2, 2, 2, 2, 2, 2, 2, 2, 2, 2, 2, 2, 2, 2, 2, 2, 2, 2, 2, 2, 2, 2, 2, 2, 2, 2, 2, 2, 2, 2, 2, 2, 2, 2, 2, 2, 2, 2, 2, 2, 2, 2, 2, 2, 2, 2, 2]	"[[0]
 [0]
 [0]
 [0]
 [0]
 [0]
 [0]
 [0]
 [0]
 [0]
 [0]
 [0]
 [0]
 [0]
 [0]
 [0]
 [0]
 [0]
 [0]
 [0]
 [0]
 [0]
 [0]
 [0]
 [0]
 [0]
 [0]
 [0]
 [0]
 [0]
 [0]
 [0]
 [0]
 [0]
 [0]
 [0]
 [0]
 [0]
 [0]
 [0]
 [1]
 [1]
 [1]
 [2]
 [2]
 [2]
 [2]
 [2]
 [2]
 [2]
 [2]
 [2]
 [2]
 [2]
 [2]
 [2]
 [2]
 [2]
 [2]
 [0]
 [1]
 [1]
 [0]
 [1]
 [1]
 [1]
 [1]
 [1]
 [1]
 [2]
 [2]
 [2]
 [2]
 [2]
 [2]
 [2]
 [2]
 [2]
 [2]
 [2]
 [2]
 [2]
 [2]
 [2]
 [3]
 [3]
 [3]
 [3]
 [3]
 [3]
 [3]
 [3]
 [3]
 [3]
 [3]
 [3]
 [3]
 [3]
 [3]
 [3]
 [3]
 [3]
 [3]
 [3]
 [3]
 [3]
 [3]
 [3]
 [3]
 [3]
 [3]
 [3]
 [3]
 [3]
 [3]
 [3]
 [3]
 [3]
 [3]
 [3]
 [3]
 [3]
 [3]
 [3]
 [3]
 [3]
 [3]
 [3]
 [3]
 [3]
 [3]
 [3]
 [3]
 [3]
 [3]
 [3]
 [3]
 [3]
 [3]
 [3]
 [3]
 [3]
 [3]
 [3]
 [3]
 [3]
 [3]
 [3]
 [3]
 [3]
 [3]
 [3]
 [3]
 [3]
 [3]
 [3]
 [3]
 [3]
 [3]
 [3]
 [3]
 [3]
 [3]
 [3]
 [3]
 [3]
 [3]
 [3]
 [3]
 [3]
 [3]
 [3]
 [3]
 [3]
 [3]
 [4]
 [4]
 [4]
 [4]
 [4]
 [4]
 [4]
 [1]
 [4]
 [4]
 [4]
 [4]
 [4]
 [4]
 [4]
 [4]
 [4]
 [4]
 [4]
 [4]
 [4]
 [4]
 [4]
 [4]
 [2]
 [2]
 [2]
 [2]
 [2]
 [1]
 [1]
 [2]
 [2]
 [2]
 [2]
 [2]
 [2]
 [2]
 [2]
 [2]
 [2]
 [2]
 [2]
 [2]
 [2]
 [2]
 [2]
 [2]
 [2]
 [2]
 [2]
 [2]
 [2]
 [2]
 [2]
 [2]
 [2]
 [2]
 [2]
 [2]
 [2]
 [2]
 [3]
 [3]
 [3]
 [3]
 [3]
 [3]
 [3]
 [3]
 [3]
 [3]
 [3]
 [3]
 [3]
 [3]
 [3]
 [3]
 [3]
 [3]
 [3]
 [3]
 [3]
 [3]
 [3]
 [3]
 [3]
 [3]
 [3]
 [3]
 [3]
 [3]
 [3]
 [3]
 [3]
 [3]
 [3]
 [3]
 [3]
 [3]
 [3]
 [3]
 [3]
 [3]
 [3]
 [3]
 [3]
 [3]
 [3]
 [3]
 [3]
 [3]
 [3]
 [3]
 [3]
 [3]
 [3]
 [3]
 [3]
 [3]
 [3]
 [3]
 [3]
 [3]
 [3]
 [3]
 [3]
 [1]
 [1]
 [1]
 [1]
 [1]
 [1]
 [1]
 [2]
 [2]
 [2]
 [2]
 [2]
 [2]
 [2]
 [2]
 [2]
 [2]
 [2]
 [2]
 [2]
 [2]
 [4]
 [4]
 [4]
 [4]
 [4]
 [4]
 [4]
 [4]
 [4]
 [4]
 [4]
 [4]
 [4]
 [4]
 [4]
 [4]
 [4]
 [1]
 [1]
 [1]
 [1]
 [1]
 [1]
 [2]
 [2]
 [2]
 [2]
 [2]
 [2]
 [2]
 [2]
 [2]
 [2]
 [2]
 [2]
 [2]
 [2]
 [2]
 [2]
 [2]
 [2]
 [2]
 [2]
 [2]
 [2]
 [2]
 [2]
 [2]
 [2]
 [2]
 [2]
 [2]
 [2]
 [2]
 [2]
 [2]
 [2]
 [2]
 [2]
 [2]
 [2]
 [1]
 [1]
 [1]
 [2]
 [2]
 [2]
 [2]
 [2]
 [2]
 [2]
 [2]
 [2]
 [2]
 [2]
 [2]
 [2]
 [2]
 [2]
 [2]
 [2]
 [2]
 [2]
 [2]
 [2]
 [2]
 [2]
 [2]
 [2]
 [2]
 [2]
 [2]
 [2]
 [2]
 [2]
 [2]
 [2]
 [2]
 [2]
 [2]
 [2]
 [2]
 [2]
 [2]
 [2]
 [2]
 [2]
 [2]
 [2]
 [2]
 [2]
 [2]
 [2]
 [2]
 [2]
 [2]
 [2]
 [2]
 [2]
 [2]
 [2]
 [2]
 [2]
 [2]
 [2]
 [2]
 [2]
 [2]
 [2]
 [1]
 [1]
 [1]
 [2]
 [2]
 [2]
 [2]
 [2]
 [2]
 [2]
 [2]
 [2]
 [2]
 [2]
 [2]
 [2]
 [2]
 [2]
 [4]
 [4]
 [4]
 [4]
 [4]
 [4]
 [4]
 [4]
 [4]
 [4]
 [4]
 [4]
 [4]
 [4]
 [4]
 [4]
 [4]
 [4]
 [4]
 [4]
 [4]
 [4]
 [4]
 [4]
 [4]
 [4]
 [4]
 [4]
 [4]
 [4]
 [4]
 [4]
 [4]
 [4]
 [4]
 [4]
 [4]
 [4]
 [4]
 [4]
 [4]
 [4]
 [4]
 [4]
 [4]
 [4]
 [4]
 [4]
 [4]
 [4]
 [4]
 [4]
 [4]
 [4]
 [4]
 [4]
 [4]
 [4]
 [4]
 [4]
 [4]
 [4]
 [4]
 [4]
 [4]
 [4]
 [4]
 [4]
 [4]
 [4]
 [4]
 [4]
 [4]
 [4]
 [4]
 [4]
 [4]
 [4]
 [4]
 [4]
 [4]
 [4]
 [4]
 [4]
 [4]
 [4]
 [4]
 [4]
 [4]
 [4]
 [4]
 [4]
 [4]
 [4]
 [4]
 [4]
 [4]
 [4]
 [4]
 [4]
 [4]
 [4]
 [4]
 [4]
 [4]
 [4]
 [4]
 [4]
 [4]
 [4]
 [4]
 [4]
 [4]
 [4]
 [4]
 [4]
 [4]
 [4]
 [2]
 [2]
 [2]
 [2]
 [2]
 [2]
 [2]
 [2]
 [2]
 [2]
 [2]
 [2]
 [2]
 [2]
 [2]
 [2]
 [2]
 [2]
 [2]
 [2]
 [2]
 [2]
 [2]
 [2]
 [2]
 [2]
 [2]
 [2]
 [2]
 [2]
 [2]
 [2]
 [1]
 [2]
 [2]
 [2]
 [2]
 [2]
 [2]
 [2]
 [2]
 [2]
 [2]
 [2]
 [2]
 [2]
 [2]
 [2]
 [2]
 [2]
 [2]
 [2]
 [2]
 [2]
 [2]
 [2]
 [2]
 [2]
 [2]
 [2]
 [3]
 [3]
 [3]
 [3]
 [3]
 [3]
 [3]
 [3]
 [3]
 [3]
 [3]
 [3]
 [3]
 [3]
 [3]
 [3]
 [3]
 [3]
 [3]
 [3]
 [3]
 [3]
 [3]
 [3]
 [3]
 [3]
 [3]
 [3]
 [3]
 [3]
 [3]
 [3]
 [3]
 [3]
 [3]
 [3]
 [3]
 [3]
 [3]
 [3]
 [3]
 [3]
 [3]
 [3]
 [3]
 [3]
 [3]
 [3]
 [3]
 [3]
 [3]
 [3]
 [3]
 [3]
 [3]
 [3]
 [3]
 [3]
 [3]
 [3]
 [3]
 [3]
 [3]
 [3]
 [3]
 [3]
 [3]
 [3]
 [3]
 [3]
 [3]
 [3]
 [3]
 [3]
 [3]
 [3]
 [3]
 [3]
 [3]
 [3]
 [3]
 [0]
 [0]
 [1]
 [1]
 [2]
 [2]
 [2]
 [2]
 [2]
 [2]
 [2]
 [2]
 [2]
 [2]
 [2]
 [1]
 [1]
 [1]
 [2]
 [2]
 [2]
 [2]
 [2]
 [2]
 [2]
 [2]
 [2]
 [2]
 [2]
 [2]
 [2]
 [2]
 [2]
 [2]
 [1]
 [1]
 [1]
 [2]
 [2]
 [2]
 [2]
 [2]
 [2]
 [2]
 [2]
 [2]
 [2]
 [2]
 [2]
 [2]
 [2]
 [2]
 [2]
 [2]
 [2]
 [2]
 [2]
 [2]
 [2]
 [2]
 [2]
 [2]
 [2]
 [2]
 [2]
 [2]
 [2]
 [2]
 [2]
 [2]
 [2]
 [2]
 [2]
 [2]
 [2]
 [2]
 [2]
 [2]
 [2]
 [2]
 [2]
 [2]
 [2]
 [2]
 [0]
 [0]
 [0]
 [0]
 [1]
 [1]
 [1]
 [1]
 [1]
 [2]
 [2]
 [2]
 [2]
 [2]
 [2]
 [2]
 [2]
 [2]
 [2]
 [2]
 [2]
 [2]
 [2]
 [2]
 [2]
 [2]
 [2]
 [2]
 [2]
 [2]
 [2]
 [2]
 [2]
 [2]
 [1]
 [1]
 [1]
 [2]
 [2]
 [2]
 [2]
 [2]
 [2]
 [2]
 [2]
 [2]
 [2]
 [2]
 [1]
 [1]
 [2]
 [2]
 [2]
 [2]
 [2]
 [2]
 [2]
 [2]
 [2]
 [1]
 [2]
 [2]
 [2]
 [2]
 [2]
 [2]
 [2]
 [2]
 [2]
 [2]
 [4]
 [4]
 [4]
 [4]
 [4]
 [4]
 [4]
 [4]
 [4]
 [4]
 [4]
 [4]
 [4]
 [4]
 [4]
 [4]
 [4]
 [4]
 [4]
 [4]
 [4]
 [4]
 [4]
 [4]
 [4]
 [4]
 [4]
 [4]
 [4]
 [4]
 [4]
 [4]
 [4]
 [4]
 [4]
 [4]
 [4]
 [4]
 [4]
 [4]
 [4]
 [4]
 [4]
 [4]
 [4]
 [4]
 [4]
 [4]
 [4]
 [4]
 [4]
 [4]
 [4]
 [4]
 [4]
 [4]
 [4]
 [4]
 [4]
 [4]
 [4]
 [4]
 [4]
 [4]
 [4]
 [4]
 [4]
 [4]
 [4]
 [4]
 [0]
 [0]
 [0]
 [0]]"
sub-200	0.38777660695468913	0.1117691723614275	[0.         0.         0.55884586 0.         0.        ]	[2, 2, 2, 2, 2, 2, 2, 2, 2, 2, 2, 2, 2, 2, 2, 2, 2, 2, 2, 2, 2, 2, 2, 2, 2, 2, 2, 2, 2, 2, 2, 2, 2, 2, 2, 2, 2, 2, 2, 2, 2, 2, 2, 2, 2, 2, 2, 2, 2, 2, 2, 2, 2, 2, 2, 2, 2, 2, 2, 2, 2, 2, 2, 2, 2, 2, 2, 2, 2, 2, 2, 2, 2, 2, 2, 2, 2, 2, 2, 2, 2, 2, 2, 2, 2, 2, 2, 2, 2, 2, 2, 2, 2, 2, 2, 2, 2, 2, 2, 2, 2, 2, 2, 2, 2, 2, 2, 2, 2, 2, 2, 2, 2, 2, 2, 2, 2, 2, 2, 2, 2, 2, 2, 2, 2, 2, 2, 2, 2, 2, 2, 2, 2, 2, 2, 2, 2, 2, 2, 2, 2, 2, 2, 2, 2, 2, 2, 2, 2, 2, 2, 2, 2, 2, 2, 2, 2, 2, 2, 2, 2, 2, 2, 2, 2, 2, 2, 2, 2, 2, 2, 2, 2, 2, 2, 2, 2, 2, 2, 2, 2, 2, 2, 2, 2, 2, 2, 2, 2, 2, 2, 2, 2, 2, 2, 2, 2, 2, 2, 2, 2, 2, 2, 2, 2, 2, 2, 2, 2, 2, 2, 2, 2, 2, 2, 2, 2, 2, 2, 2, 2, 2, 2, 2, 2, 2, 2, 2, 2, 2, 2, 2, 2, 2, 2, 2, 2, 2, 2, 2, 2, 2, 2, 2, 2, 2, 2, 2, 2, 2, 2, 2, 2, 2, 2, 2, 2, 2, 2, 2, 2, 2, 2, 2, 2, 2, 2, 2, 2, 2, 2, 2, 2, 2, 2, 2, 2, 2, 2, 2, 2, 2, 2, 2, 2, 2, 2, 2, 2, 2, 2, 2, 2, 2, 2, 2, 2, 2, 2, 2, 2, 2, 2, 2, 2, 2, 2, 2, 2, 2, 2, 2, 2, 2, 2, 2, 2, 2, 2, 2, 2, 2, 2, 2, 2, 2, 2, 2, 2, 2, 2, 2, 2, 2, 2, 2, 2, 2, 2, 2, 2, 2, 2, 2, 2, 2, 2, 2, 2, 2, 2, 2, 2, 2, 2, 2, 2, 2, 2, 2, 2, 2, 2, 2, 2, 2, 2, 2, 2, 2, 2, 2, 2, 2, 2, 2, 2, 2, 2, 2, 2, 2, 2, 2, 2, 2, 2, 2, 2, 2, 2, 2, 2, 2, 2, 2, 2, 2, 2, 2, 2, 2, 2, 2, 2, 2, 2, 2, 2, 2, 2, 2, 2, 2, 2, 2, 2, 2, 2, 2, 2, 2, 2, 2, 2, 2, 2, 2, 2, 2, 2, 2, 2, 2, 2, 2, 2, 2, 2, 2, 2, 2, 2, 2, 2, 2, 2, 2, 2, 2, 2, 2, 2, 2, 2, 2, 2, 2, 2, 2, 2, 2, 2, 2, 2, 2, 2, 2, 2, 2, 2, 2, 2, 2, 2, 2, 2, 2, 2, 2, 2, 2, 2, 2, 2, 2, 2, 2, 2, 2, 2, 2, 2, 2, 2, 2, 2, 2, 2, 2, 2, 2, 2, 2, 2, 2, 2, 2, 2, 2, 2, 2, 2, 2, 2, 2, 2, 2, 2, 2, 2, 2, 2, 2, 2, 2, 2, 2, 2, 2, 2, 2, 2, 2, 2, 2, 2, 2, 2, 2, 2, 2, 2, 2, 2, 2, 2, 2, 2, 2, 2, 2, 2, 2, 2, 2, 2, 2, 2, 2, 2, 2, 2, 2, 2, 2, 2, 2, 2, 2, 2, 2, 2, 2, 2, 2, 2, 2, 2, 2, 2, 2, 2, 2, 2, 2, 2, 2, 2, 2, 2, 2, 2, 2, 2, 2, 2, 2, 2, 2, 2, 2, 2, 2, 2, 2, 2, 2, 2, 2, 2, 2, 2, 2, 2, 2, 2, 2, 2, 2, 2, 2, 2, 2, 2, 2, 2, 2, 2, 2, 2, 2, 2, 2, 2, 2, 2, 2, 2, 2, 2, 2, 2, 2, 2, 2, 2, 2, 2, 2, 2, 2, 2, 2, 2, 2, 2, 2, 2, 2, 2, 2, 2, 2, 2, 2, 2, 2, 2, 2, 2, 2, 2, 2, 2, 2, 2, 2, 2, 2, 2, 2, 2, 2, 2, 2, 2, 2, 2, 2, 2, 2, 2, 2, 2, 2, 2, 2, 2, 2, 2, 2, 2, 2, 2, 2, 2, 2, 2, 2, 2, 2, 2, 2, 2, 2, 2, 2, 2, 2, 2, 2, 2, 2, 2, 2, 2, 2, 2, 2, 2, 2, 2, 2, 2, 2, 2, 2, 2, 2, 2, 2, 2, 2, 2, 2, 2, 2, 2, 2, 2, 2, 2, 2, 2, 2, 2, 2, 2, 2, 2, 2, 2, 2, 2, 2, 2, 2, 2, 2, 2, 2, 2, 2, 2, 2, 2, 2, 2, 2, 2, 2, 2, 2, 2, 2, 2, 2, 2, 2, 2, 2, 2, 2, 2, 2, 2, 2, 2, 2, 2, 2, 2, 2, 2, 2, 2, 2, 2, 2, 2, 2, 2, 2, 2, 2, 2, 2, 2, 2, 2, 2, 2, 2, 2, 2, 2, 2, 2, 2, 2, 2, 2, 2, 2, 2, 2, 2, 2, 2, 2, 2, 2, 2, 2, 2, 2, 2, 2, 2, 2, 2, 2, 2, 2, 2, 2, 2, 2, 2, 2, 2, 2, 2, 2, 2, 2, 2, 2, 2, 2, 2, 2, 2, 2, 2, 2, 2, 2, 2, 2, 2, 2, 2, 2, 2, 2, 2, 2, 2, 2, 2, 2, 2, 2, 2, 2, 2, 2, 2, 2, 2, 2, 2, 2, 2, 2, 2, 2, 2, 2, 2, 2, 2, 2, 2, 2, 2, 2, 2, 2, 2, 2, 2, 2, 2, 2, 2, 2, 2, 2, 2, 2, 2, 2, 2, 2, 2, 2, 2, 2, 2, 2, 2, 2, 2, 2, 2, 2]	"[[0]
 [0]
 [0]
 [0]
 [0]
 [0]
 [0]
 [0]
 [0]
 [0]
 [0]
 [0]
 [0]
 [0]
 [0]
 [0]
 [0]
 [0]
 [0]
 [0]
 [0]
 [0]
 [0]
 [0]
 [0]
 [0]
 [0]
 [0]
 [0]
 [0]
 [0]
 [0]
 [0]
 [0]
 [0]
 [0]
 [0]
 [1]
 [1]
 [1]
 [1]
 [1]
 [1]
 [1]
 [2]
 [2]
 [2]
 [2]
 [2]
 [2]
 [2]
 [2]
 [2]
 [2]
 [2]
 [2]
 [2]
 [2]
 [3]
 [3]
 [3]
 [3]
 [3]
 [3]
 [3]
 [3]
 [3]
 [3]
 [3]
 [3]
 [3]
 [3]
 [3]
 [3]
 [3]
 [3]
 [3]
 [3]
 [3]
 [3]
 [3]
 [3]
 [3]
 [3]
 [3]
 [3]
 [3]
 [3]
 [3]
 [3]
 [3]
 [3]
 [3]
 [3]
 [3]
 [3]
 [3]
 [3]
 [3]
 [3]
 [3]
 [3]
 [3]
 [3]
 [3]
 [3]
 [3]
 [3]
 [3]
 [3]
 [3]
 [3]
 [3]
 [3]
 [3]
 [3]
 [3]
 [3]
 [3]
 [3]
 [3]
 [3]
 [3]
 [3]
 [3]
 [3]
 [3]
 [3]
 [3]
 [3]
 [3]
 [3]
 [3]
 [3]
 [3]
 [3]
 [3]
 [3]
 [3]
 [3]
 [3]
 [3]
 [3]
 [3]
 [3]
 [3]
 [3]
 [3]
 [3]
 [3]
 [3]
 [3]
 [3]
 [3]
 [3]
 [3]
 [3]
 [3]
 [3]
 [3]
 [3]
 [3]
 [3]
 [3]
 [3]
 [3]
 [3]
 [1]
 [1]
 [1]
 [1]
 [2]
 [2]
 [2]
 [2]
 [2]
 [2]
 [2]
 [2]
 [2]
 [2]
 [2]
 [2]
 [2]
 [2]
 [4]
 [4]
 [4]
 [4]
 [4]
 [4]
 [4]
 [4]
 [4]
 [4]
 [4]
 [4]
 [4]
 [4]
 [4]
 [1]
 [2]
 [2]
 [2]
 [2]
 [2]
 [2]
 [2]
 [2]
 [2]
 [2]
 [2]
 [2]
 [2]
 [2]
 [2]
 [2]
 [2]
 [2]
 [2]
 [2]
 [2]
 [2]
 [2]
 [2]
 [2]
 [2]
 [3]
 [3]
 [3]
 [3]
 [3]
 [3]
 [3]
 [3]
 [3]
 [3]
 [3]
 [3]
 [3]
 [3]
 [1]
 [1]
 [2]
 [2]
 [2]
 [2]
 [2]
 [3]
 [3]
 [3]
 [3]
 [3]
 [3]
 [3]
 [3]
 [3]
 [3]
 [3]
 [3]
 [3]
 [3]
 [3]
 [3]
 [3]
 [3]
 [3]
 [3]
 [3]
 [3]
 [3]
 [3]
 [3]
 [3]
 [3]
 [3]
 [1]
 [3]
 [3]
 [3]
 [3]
 [3]
 [1]
 [1]
 [2]
 [2]
 [2]
 [2]
 [2]
 [2]
 [2]
 [2]
 [2]
 [2]
 [2]
 [2]
 [2]
 [2]
 [2]
 [2]
 [1]
 [0]
 [0]
 [0]
 [0]
 [0]
 [0]
 [0]
 [0]
 [0]
 [0]
 [0]
 [0]
 [0]
 [0]
 [0]
 [0]
 [0]
 [1]
 [1]
 [2]
 [2]
 [2]
 [2]
 [2]
 [2]
 [2]
 [2]
 [2]
 [2]
 [2]
 [2]
 [2]
 [2]
 [2]
 [2]
 [2]
 [2]
 [2]
 [2]
 [2]
 [2]
 [2]
 [2]
 [2]
 [2]
 [2]
 [2]
 [2]
 [2]
 [2]
 [2]
 [2]
 [2]
 [2]
 [2]
 [2]
 [2]
 [2]
 [2]
 [2]
 [2]
 [2]
 [2]
 [2]
 [2]
 [2]
 [2]
 [4]
 [4]
 [4]
 [4]
 [4]
 [4]
 [4]
 [4]
 [4]
 [4]
 [4]
 [4]
 [4]
 [4]
 [4]
 [4]
 [4]
 [4]
 [4]
 [4]
 [4]
 [4]
 [4]
 [4]
 [4]
 [4]
 [4]
 [4]
 [4]
 [4]
 [4]
 [4]
 [4]
 [4]
 [4]
 [4]
 [4]
 [4]
 [4]
 [4]
 [4]
 [4]
 [4]
 [4]
 [4]
 [4]
 [4]
 [4]
 [4]
 [1]
 [1]
 [4]
 [4]
 [0]
 [1]
 [1]
 [1]
 [2]
 [2]
 [2]
 [2]
 [2]
 [2]
 [2]
 [2]
 [2]
 [2]
 [2]
 [2]
 [2]
 [2]
 [2]
 [2]
 [2]
 [2]
 [2]
 [2]
 [2]
 [2]
 [2]
 [2]
 [2]
 [2]
 [2]
 [2]
 [2]
 [2]
 [2]
 [2]
 [2]
 [2]
 [2]
 [3]
 [3]
 [3]
 [3]
 [3]
 [3]
 [3]
 [3]
 [3]
 [3]
 [3]
 [3]
 [3]
 [3]
 [0]
 [0]
 [0]
 [0]
 [1]
 [1]
 [2]
 [2]
 [2]
 [2]
 [2]
 [2]
 [2]
 [2]
 [2]
 [2]
 [2]
 [2]
 [2]
 [2]
 [2]
 [2]
 [2]
 [2]
 [2]
 [2]
 [2]
 [3]
 [3]
 [3]
 [3]
 [3]
 [3]
 [3]
 [3]
 [3]
 [3]
 [3]
 [3]
 [3]
 [3]
 [3]
 [3]
 [3]
 [3]
 [3]
 [3]
 [3]
 [3]
 [3]
 [3]
 [3]
 [3]
 [3]
 [3]
 [3]
 [3]
 [3]
 [3]
 [3]
 [3]
 [3]
 [3]
 [3]
 [3]
 [3]
 [3]
 [3]
 [3]
 [3]
 [3]
 [3]
 [3]
 [3]
 [3]
 [3]
 [3]
 [3]
 [3]
 [3]
 [3]
 [3]
 [3]
 [3]
 [3]
 [3]
 [3]
 [3]
 [3]
 [3]
 [3]
 [3]
 [3]
 [3]
 [3]
 [3]
 [3]
 [3]
 [3]
 [3]
 [3]
 [3]
 [3]
 [3]
 [3]
 [3]
 [3]
 [3]
 [3]
 [3]
 [1]
 [1]
 [2]
 [2]
 [2]
 [2]
 [2]
 [2]
 [2]
 [2]
 [2]
 [2]
 [2]
 [2]
 [4]
 [4]
 [4]
 [4]
 [4]
 [4]
 [4]
 [4]
 [4]
 [4]
 [4]
 [4]
 [4]
 [4]
 [4]
 [4]
 [4]
 [4]
 [4]
 [4]
 [4]
 [4]
 [4]
 [4]
 [4]
 [4]
 [4]
 [4]
 [4]
 [4]
 [4]
 [4]
 [4]
 [4]
 [4]
 [4]
 [4]
 [4]
 [4]
 [4]
 [4]
 [4]
 [4]
 [4]
 [4]
 [4]
 [4]
 [4]
 [4]
 [4]
 [4]
 [4]
 [4]
 [4]
 [4]
 [4]
 [2]
 [2]
 [2]
 [2]
 [2]
 [2]
 [2]
 [2]
 [2]
 [2]
 [1]
 [2]
 [2]
 [2]
 [2]
 [2]
 [2]
 [2]
 [2]
 [2]
 [2]
 [2]
 [2]
 [2]
 [2]
 [2]
 [2]
 [2]
 [2]
 [2]
 [2]
 [2]
 [2]
 [2]
 [2]
 [2]
 [0]
 [0]
 [1]
 [1]
 [2]
 [2]
 [2]
 [2]
 [2]
 [2]
 [2]
 [2]
 [2]
 [2]
 [2]
 [2]
 [2]
 [2]
 [2]
 [2]
 [2]
 [2]
 [2]
 [2]
 [2]
 [2]
 [2]
 [2]
 [2]
 [2]
 [2]
 [2]
 [2]
 [2]
 [2]
 [2]
 [2]
 [2]
 [2]
 [2]
 [2]
 [2]
 [2]
 [2]
 [2]
 [2]
 [2]
 [2]
 [2]
 [2]
 [2]
 [2]
 [1]
 [1]
 [2]
 [2]
 [2]
 [2]
 [2]
 [2]
 [2]
 [2]
 [2]
 [2]
 [2]
 [2]
 [2]
 [2]
 [2]
 [2]
 [2]
 [2]
 [2]
 [2]
 [2]
 [2]
 [2]
 [2]
 [2]
 [2]
 [2]
 [2]
 [2]
 [2]
 [2]
 [2]
 [2]
 [2]
 [3]
 [3]
 [3]
 [3]
 [3]
 [3]
 [3]
 [3]
 [3]
 [3]
 [3]
 [3]
 [3]
 [3]
 [3]
 [3]
 [3]
 [3]
 [3]
 [3]
 [3]
 [3]
 [3]
 [3]
 [3]
 [3]
 [3]
 [3]
 [3]
 [3]
 [3]
 [3]
 [3]
 [3]
 [3]
 [3]
 [3]
 [3]
 [3]
 [3]
 [3]
 [3]
 [3]
 [3]
 [1]
 [1]
 [1]
 [1]
 [4]
 [4]
 [4]
 [4]
 [4]
 [4]
 [4]
 [4]
 [4]
 [4]
 [4]
 [4]
 [4]
 [4]
 [4]
 [4]
 [4]
 [4]
 [4]
 [4]
 [4]
 [4]
 [4]
 [4]
 [4]
 [4]
 [4]
 [4]
 [4]
 [4]
 [4]
 [4]
 [4]
 [0]
 [0]
 [0]
 [0]
 [0]
 [0]
 [0]
 [0]
 [0]
 [0]
 [0]
 [0]
 [0]
 [0]
 [0]
 [0]
 [0]
 [0]
 [0]
 [0]
 [0]
 [0]
 [0]
 [1]
 [1]
 [1]
 [1]
 [1]
 [2]
 [2]
 [2]
 [2]
 [2]
 [2]
 [2]
 [2]
 [2]
 [2]
 [2]
 [2]
 [2]
 [2]
 [2]
 [2]
 [2]
 [2]
 [2]
 [2]
 [2]
 [2]
 [2]
 [2]
 [2]
 [2]
 [2]
 [2]
 [2]
 [2]
 [2]
 [2]
 [2]
 [2]
 [2]
 [2]
 [2]
 [2]
 [2]
 [2]
 [2]
 [2]
 [2]
 [2]
 [2]
 [2]
 [2]
 [2]
 [2]
 [2]
 [2]
 [2]
 [2]
 [2]
 [2]
 [2]
 [2]
 [2]
 [2]
 [2]
 [0]
 [0]]"
sub-211	0.1841046277665996	0.06219201359388275	[0.         0.         0.31096007 0.         0.        ]	[2, 2, 2, 2, 2, 2, 2, 2, 2, 2, 2, 2, 2, 2, 2, 2, 2, 2, 2, 2, 2, 2, 2, 2, 2, 2, 2, 2, 2, 2, 2, 2, 2, 2, 2, 2, 2, 2, 2, 2, 2, 2, 2, 2, 2, 2, 2, 2, 2, 2, 2, 2, 2, 2, 2, 2, 2, 2, 2, 2, 2, 2, 2, 2, 2, 2, 2, 2, 2, 2, 2, 2, 2, 2, 2, 2, 2, 2, 2, 2, 2, 2, 2, 2, 2, 2, 2, 2, 2, 2, 2, 2, 2, 2, 2, 2, 2, 2, 2, 2, 2, 2, 2, 2, 2, 2, 2, 2, 2, 2, 2, 2, 2, 2, 2, 2, 2, 2, 2, 2, 2, 2, 2, 2, 2, 2, 2, 2, 2, 2, 2, 2, 2, 2, 2, 2, 2, 2, 2, 2, 2, 2, 2, 2, 2, 2, 2, 2, 2, 2, 2, 2, 2, 2, 2, 2, 2, 2, 2, 2, 2, 2, 2, 2, 2, 2, 2, 2, 2, 2, 2, 2, 2, 2, 2, 2, 2, 2, 2, 2, 2, 2, 2, 2, 2, 2, 2, 2, 2, 2, 2, 2, 2, 2, 2, 2, 2, 2, 2, 2, 2, 2, 2, 2, 2, 2, 2, 2, 2, 2, 2, 2, 2, 2, 2, 2, 2, 2, 2, 2, 2, 2, 2, 2, 2, 2, 2, 2, 2, 2, 2, 2, 2, 2, 2, 2, 2, 2, 2, 2, 2, 2, 2, 2, 2, 2, 2, 2, 2, 2, 2, 2, 2, 2, 2, 2, 2, 2, 2, 2, 2, 2, 2, 2, 2, 2, 2, 2, 2, 2, 2, 2, 2, 2, 2, 2, 2, 2, 2, 2, 2, 2, 2, 2, 2, 2, 2, 2, 2, 2, 2, 2, 2, 2, 2, 2, 2, 2, 2, 2, 2, 2, 2, 2, 2, 2, 2, 2, 2, 2, 2, 2, 2, 2, 2, 2, 2, 2, 2, 2, 2, 2, 2, 2, 2, 2, 2, 2, 2, 2, 2, 2, 2, 2, 2, 2, 2, 2, 2, 2, 2, 2, 2, 2, 2, 2, 2, 2, 2, 2, 2, 2, 2, 2, 2, 2, 2, 2, 2, 2, 2, 2, 2, 2, 2, 2, 2, 2, 2, 2, 2, 2, 2, 2, 2, 2, 2, 2, 2, 2, 2, 2, 2, 2, 2, 2, 2, 2, 2, 2, 2, 2, 2, 2, 2, 2, 2, 2, 2, 2, 2, 2, 2, 2, 2, 2, 2, 2, 2, 2, 2, 2, 2, 2, 2, 2, 2, 2, 2, 2, 2, 2, 2, 2, 2, 2, 2, 2, 2, 2, 2, 2, 2, 2, 2, 2, 2, 2, 2, 2, 2, 2, 2, 2, 2, 2, 2, 2, 2, 2, 2, 2, 2, 2, 2, 2, 2, 2, 2, 2, 2, 2, 2, 2, 2, 2, 2, 2, 2, 2, 2, 2, 2, 2, 2, 2, 2, 2, 2, 2, 2, 2, 2, 2, 2, 2, 2, 2, 2, 2, 2, 2, 2, 2, 2, 2, 2, 2, 2, 2, 2, 2, 2, 2, 2, 2, 2, 2, 2, 2, 2, 2, 2, 2, 2, 2, 2, 2, 2, 2, 2, 2, 2, 2, 2, 2, 2, 2, 2, 2, 2, 2, 2, 2, 2, 2, 2, 2, 2, 2, 2, 2, 2, 2, 2, 2, 2, 2, 2, 2, 2, 2, 2, 2, 2, 2, 2, 2, 2, 2, 2, 2, 2, 2, 2, 2, 2, 2, 2, 2, 2, 2, 2, 2, 2, 2, 2, 2, 2, 2, 2, 2, 2, 2, 2, 2, 2, 2, 2, 2, 2, 2, 2, 2, 2, 2, 2, 2, 2, 2, 2, 2, 2, 2, 2, 2, 2, 2, 2, 2, 2, 2, 2, 2, 2, 2, 2, 2, 2, 2, 2, 2, 2, 2, 2, 2, 2, 2, 2, 2, 2, 2, 2, 2, 2, 2, 2, 2, 2, 2, 2, 2, 2, 2, 2, 2, 2, 2, 2, 2, 2, 2, 2, 2, 2, 2, 2, 2, 2, 2, 2, 2, 2, 2, 2, 2, 2, 2, 2, 2, 2, 2, 2, 2, 2, 2, 2, 2, 2, 2, 2, 2, 2, 2, 2, 2, 2, 2, 2, 2, 2, 2, 2, 2, 2, 2, 2, 2, 2, 2, 2, 2, 2, 2, 2, 2, 2, 2, 2, 2, 2, 2, 2, 2, 2, 2, 2, 2, 2, 2, 2, 2, 2, 2, 2, 2, 2, 2, 2, 2, 2, 2, 2, 2, 2, 2, 2, 2, 2, 2, 2, 2, 2, 2, 2, 2, 2, 2, 2, 2, 2, 2, 2, 2, 2, 2, 2, 2, 2, 2, 2, 2, 2, 2, 2, 2, 2, 2, 2, 2, 2, 2, 2, 2, 2, 2, 2, 2, 2, 2, 2, 2, 2, 2, 2, 2, 2, 2, 2, 2, 2, 2, 2, 2, 2, 2, 2, 2, 2, 2, 2, 2, 2, 2, 2, 2, 2, 2, 2, 2, 2, 2, 2, 2, 2, 2, 2, 2, 2, 2, 2, 2, 2, 2, 2, 2, 2, 2, 2, 2, 2, 2, 2, 2, 2, 2, 2, 2, 2, 2, 2, 2, 2, 2, 2, 2, 2, 2, 2, 2, 2, 2, 2, 2, 2, 2, 2, 2, 2, 2, 2, 2, 2, 2, 2, 2, 2, 2, 2, 2, 2, 2, 2, 2, 2, 2, 2, 2, 2, 2, 2, 2, 2, 2, 2, 2, 2, 2, 2, 2, 2, 2, 2, 2, 2, 2, 2, 2, 2, 2, 2, 2, 2, 2, 2, 2, 2, 2, 2, 2, 2, 2, 2, 2, 2, 2, 2, 2, 2, 2, 2, 2, 2, 2, 2, 2, 2, 2, 2, 2, 2, 2, 2, 2, 2, 2, 2, 2, 2, 2, 2, 2, 2, 2, 2, 2, 2, 2, 2, 2, 2, 2, 2, 2, 2, 2, 2, 2, 2, 2, 2, 2, 2, 2, 2, 2, 2, 2, 2, 2, 2, 2, 2, 2, 2, 2, 2, 2, 2, 2, 2, 2, 2, 2, 2, 2, 2, 2, 2, 2, 2, 2, 2, 2]	"[[0]
 [0]
 [0]
 [0]
 [0]
 [0]
 [0]
 [0]
 [0]
 [0]
 [0]
 [0]
 [0]
 [0]
 [0]
 [0]
 [0]
 [0]
 [0]
 [0]
 [0]
 [0]
 [0]
 [0]
 [0]
 [0]
 [0]
 [0]
 [0]
 [0]
 [0]
 [0]
 [0]
 [0]
 [0]
 [0]
 [0]
 [0]
 [0]
 [0]
 [0]
 [0]
 [0]
 [0]
 [0]
 [0]
 [0]
 [0]
 [0]
 [0]
 [0]
 [0]
 [0]
 [0]
 [0]
 [0]
 [0]
 [0]
 [0]
 [0]
 [0]
 [0]
 [0]
 [0]
 [0]
 [0]
 [0]
 [0]
 [0]
 [0]
 [0]
 [0]
 [0]
 [0]
 [0]
 [0]
 [0]
 [0]
 [0]
 [0]
 [0]
 [0]
 [0]
 [0]
 [0]
 [0]
 [0]
 [0]
 [0]
 [0]
 [0]
 [0]
 [0]
 [0]
 [0]
 [0]
 [0]
 [0]
 [0]
 [0]
 [0]
 [0]
 [0]
 [0]
 [0]
 [0]
 [0]
 [0]
 [0]
 [0]
 [0]
 [0]
 [0]
 [0]
 [0]
 [0]
 [0]
 [0]
 [0]
 [0]
 [0]
 [0]
 [0]
 [0]
 [0]
 [0]
 [0]
 [0]
 [0]
 [0]
 [0]
 [0]
 [0]
 [0]
 [0]
 [0]
 [0]
 [0]
 [0]
 [0]
 [0]
 [0]
 [0]
 [0]
 [0]
 [0]
 [0]
 [0]
 [0]
 [0]
 [0]
 [0]
 [0]
 [0]
 [0]
 [0]
 [0]
 [0]
 [0]
 [0]
 [0]
 [0]
 [0]
 [0]
 [0]
 [0]
 [0]
 [0]
 [0]
 [0]
 [0]
 [0]
 [0]
 [0]
 [0]
 [0]
 [0]
 [0]
 [0]
 [0]
 [0]
 [0]
 [0]
 [0]
 [0]
 [0]
 [0]
 [0]
 [1]
 [1]
 [1]
 [2]
 [2]
 [2]
 [2]
 [2]
 [2]
 [2]
 [2]
 [2]
 [2]
 [2]
 [2]
 [2]
 [2]
 [3]
 [3]
 [3]
 [3]
 [3]
 [3]
 [3]
 [3]
 [3]
 [3]
 [3]
 [3]
 [3]
 [3]
 [3]
 [3]
 [3]
 [3]
 [3]
 [3]
 [3]
 [3]
 [3]
 [3]
 [3]
 [3]
 [3]
 [3]
 [3]
 [3]
 [3]
 [3]
 [3]
 [3]
 [3]
 [1]
 [3]
 [3]
 [3]
 [3]
 [3]
 [3]
 [3]
 [3]
 [3]
 [3]
 [3]
 [3]
 [3]
 [3]
 [3]
 [3]
 [3]
 [3]
 [3]
 [3]
 [3]
 [3]
 [3]
 [3]
 [1]
 [3]
 [3]
 [3]
 [3]
 [3]
 [3]
 [3]
 [3]
 [3]
 [3]
 [3]
 [3]
 [3]
 [3]
 [3]
 [3]
 [3]
 [3]
 [3]
 [3]
 [3]
 [3]
 [3]
 [3]
 [3]
 [3]
 [3]
 [3]
 [3]
 [3]
 [3]
 [3]
 [3]
 [3]
 [3]
 [3]
 [1]
 [1]
 [1]
 [1]
 [1]
 [1]
 [2]
 [2]
 [2]
 [2]
 [2]
 [2]
 [2]
 [2]
 [2]
 [2]
 [3]
 [3]
 [3]
 [3]
 [3]
 [3]
 [3]
 [3]
 [3]
 [3]
 [3]
 [3]
 [2]
 [4]
 [4]
 [4]
 [4]
 [4]
 [4]
 [4]
 [4]
 [4]
 [4]
 [4]
 [4]
 [4]
 [4]
 [4]
 [4]
 [4]
 [4]
 [4]
 [4]
 [4]
 [4]
 [4]
 [4]
 [4]
 [4]
 [4]
 [4]
 [4]
 [4]
 [4]
 [4]
 [4]
 [4]
 [4]
 [4]
 [4]
 [4]
 [4]
 [4]
 [4]
 [4]
 [4]
 [4]
 [4]
 [4]
 [4]
 [4]
 [4]
 [4]
 [4]
 [4]
 [4]
 [4]
 [4]
 [4]
 [4]
 [2]
 [2]
 [3]
 [3]
 [3]
 [3]
 [3]
 [3]
 [3]
 [3]
 [3]
 [3]
 [3]
 [2]
 [2]
 [2]
 [2]
 [2]
 [2]
 [3]
 [3]
 [3]
 [3]
 [3]
 [3]
 [3]
 [3]
 [3]
 [1]
 [1]
 [1]
 [1]
 [1]
 [1]
 [2]
 [2]
 [2]
 [2]
 [2]
 [2]
 [2]
 [2]
 [2]
 [2]
 [2]
 [2]
 [2]
 [2]
 [2]
 [2]
 [3]
 [3]
 [3]
 [3]
 [3]
 [3]
 [3]
 [3]
 [3]
 [3]
 [3]
 [3]
 [3]
 [3]
 [3]
 [3]
 [3]
 [3]
 [3]
 [3]
 [3]
 [3]
 [3]
 [3]
 [3]
 [3]
 [3]
 [3]
 [3]
 [3]
 [3]
 [3]
 [3]
 [3]
 [3]
 [3]
 [3]
 [3]
 [3]
 [3]
 [3]
 [3]
 [3]
 [3]
 [3]
 [3]
 [3]
 [3]
 [3]
 [3]
 [3]
 [3]
 [3]
 [3]
 [3]
 [3]
 [3]
 [3]
 [3]
 [3]
 [3]
 [3]
 [3]
 [3]
 [3]
 [3]
 [3]
 [3]
 [3]
 [3]
 [1]
 [1]
 [1]
 [1]
 [2]
 [2]
 [2]
 [2]
 [2]
 [2]
 [2]
 [2]
 [2]
 [2]
 [2]
 [3]
 [3]
 [3]
 [3]
 [3]
 [3]
 [3]
 [3]
 [3]
 [3]
 [3]
 [3]
 [3]
 [3]
 [3]
 [3]
 [3]
 [3]
 [3]
 [3]
 [3]
 [3]
 [3]
 [0]
 [1]
 [1]
 [1]
 [1]
 [2]
 [2]
 [2]
 [2]
 [2]
 [2]
 [2]
 [2]
 [3]
 [3]
 [3]
 [3]
 [3]
 [3]
 [3]
 [4]
 [4]
 [4]
 [4]
 [4]
 [4]
 [4]
 [4]
 [4]
 [4]
 [4]
 [4]
 [4]
 [4]
 [4]
 [4]
 [4]
 [4]
 [4]
 [4]
 [4]
 [4]
 [4]
 [4]
 [4]
 [4]
 [4]
 [4]
 [4]
 [4]
 [4]
 [4]
 [4]
 [4]
 [4]
 [4]
 [4]
 [4]
 [4]
 [4]
 [4]
 [4]
 [4]
 [2]
 [2]
 [2]
 [2]
 [2]
 [2]
 [2]
 [2]
 [2]
 [2]
 [2]
 [2]
 [2]
 [2]
 [2]
 [2]
 [2]
 [2]
 [2]
 [2]
 [2]
 [2]
 [2]
 [2]
 [2]
 [3]
 [3]
 [3]
 [3]
 [3]
 [3]
 [3]
 [3]
 [3]
 [3]
 [3]
 [3]
 [3]
 [3]
 [3]
 [3]
 [3]
 [3]
 [3]
 [3]
 [3]
 [3]
 [3]
 [3]
 [3]
 [3]
 [3]
 [3]
 [3]
 [3]
 [3]
 [3]
 [3]
 [3]
 [3]
 [3]
 [3]
 [1]
 [0]
 [0]
 [1]
 [2]
 [2]
 [2]
 [2]
 [2]
 [2]
 [2]
 [2]
 [2]
 [2]
 [2]
 [3]
 [3]
 [3]
 [3]
 [3]
 [3]
 [3]
 [3]
 [3]
 [3]
 [3]
 [3]
 [3]
 [3]
 [3]
 [3]
 [3]
 [3]
 [3]
 [3]
 [3]
 [3]
 [3]
 [3]
 [3]
 [3]
 [3]
 [3]
 [3]
 [3]
 [3]
 [3]
 [1]
 [1]
 [2]
 [2]
 [0]
 [0]
 [0]
 [0]
 [0]
 [0]
 [0]
 [0]
 [0]
 [1]
 [1]
 [1]
 [2]
 [2]
 [2]
 [2]
 [2]
 [2]
 [2]
 [2]
 [2]
 [2]
 [2]
 [2]
 [2]
 [4]
 [4]
 [4]
 [4]
 [4]
 [4]
 [4]
 [4]
 [4]
 [4]
 [4]
 [4]
 [4]
 [4]
 [4]
 [4]
 [4]
 [1]
 [4]
 [4]
 [4]
 [4]
 [1]
 [1]
 [1]
 [1]
 [1]
 [1]
 [1]
 [1]
 [2]
 [2]
 [2]
 [2]
 [2]
 [2]
 [2]
 [2]
 [2]
 [2]
 [2]
 [2]
 [2]
 [2]
 [2]
 [2]
 [2]
 [2]
 [2]
 [2]
 [2]
 [2]
 [2]
 [2]
 [2]
 [2]
 [2]
 [2]
 [2]
 [2]
 [3]
 [3]
 [3]
 [3]
 [3]
 [3]
 [3]
 [3]
 [3]
 [3]
 [3]
 [3]
 [1]
 [1]
 [1]
 [1]
 [1]
 [1]
 [1]
 [1]
 [1]
 [1]
 [1]
 [1]
 [2]
 [2]
 [2]
 [2]
 [2]
 [2]
 [2]
 [2]
 [2]
 [2]
 [2]
 [2]
 [2]
 [2]
 [2]
 [1]
 [0]
 [0]
 [0]
 [0]
 [0]
 [1]
 [1]
 [1]
 [1]
 [1]
 [1]
 [1]
 [2]
 [2]
 [2]
 [2]
 [2]
 [2]
 [2]
 [2]
 [2]
 [2]
 [2]
 [2]
 [2]
 [3]
 [3]
 [3]
 [3]
 [3]
 [3]
 [3]
 [3]
 [3]
 [3]
 [3]
 [3]
 [3]
 [3]
 [3]
 [3]
 [3]
 [3]
 [3]
 [3]
 [3]
 [3]
 [3]
 [3]
 [3]
 [3]
 [3]
 [3]
 [3]
 [3]
 [3]
 [3]
 [3]
 [3]
 [3]
 [3]
 [3]
 [3]
 [3]
 [3]
 [3]
 [3]
 [3]
 [3]
 [3]
 [3]
 [3]
 [3]
 [3]
 [3]
 [3]
 [3]
 [4]
 [4]
 [4]
 [4]
 [4]
 [4]
 [4]
 [4]
 [4]
 [4]
 [4]
 [4]
 [4]
 [4]
 [4]
 [4]
 [4]
 [4]
 [4]
 [4]
 [4]
 [4]
 [4]
 [4]
 [4]
 [4]
 [4]
 [4]
 [4]
 [4]
 [4]
 [4]
 [4]
 [4]
 [4]
 [4]
 [4]
 [4]
 [4]
 [4]
 [4]
 [4]
 [4]
 [4]
 [4]
 [4]
 [4]
 [4]
 [4]
 [4]
 [4]
 [4]
 [4]
 [4]
 [4]
 [4]
 [4]
 [1]
 [1]
 [2]
 [2]
 [2]
 [3]
 [3]
 [3]
 [1]
 [2]
 [2]
 [2]
 [0]]"
sub-217	0.31986531986531985	0.09693877551020408	[0.         0.         0.48469388 0.         0.        ]	[2, 2, 2, 2, 2, 2, 2, 2, 2, 2, 2, 2, 2, 2, 2, 2, 2, 2, 2, 2, 2, 2, 2, 2, 2, 2, 2, 2, 2, 2, 2, 2, 2, 2, 2, 2, 2, 2, 2, 2, 2, 2, 2, 2, 2, 2, 2, 2, 2, 2, 2, 2, 2, 2, 2, 2, 2, 2, 2, 2, 2, 2, 2, 2, 2, 2, 2, 2, 2, 2, 2, 2, 2, 2, 2, 2, 2, 2, 2, 2, 2, 2, 2, 2, 2, 2, 2, 2, 2, 2, 2, 2, 2, 2, 2, 2, 2, 2, 2, 2, 2, 2, 2, 2, 2, 2, 2, 2, 2, 2, 2, 2, 2, 2, 2, 2, 2, 2, 2, 2, 2, 2, 2, 2, 2, 2, 2, 2, 2, 2, 2, 2, 2, 2, 2, 2, 2, 2, 2, 2, 2, 2, 2, 2, 2, 2, 2, 2, 2, 2, 2, 2, 2, 2, 2, 2, 2, 2, 2, 2, 2, 2, 2, 2, 2, 2, 2, 2, 2, 2, 2, 2, 2, 2, 2, 2, 2, 2, 2, 2, 2, 2, 2, 2, 2, 2, 2, 2, 2, 2, 2, 2, 2, 2, 2, 2, 2, 2, 2, 2, 2, 2, 2, 2, 2, 2, 2, 2, 2, 2, 2, 2, 2, 2, 2, 2, 2, 2, 2, 2, 2, 2, 2, 2, 2, 2, 2, 2, 2, 2, 2, 2, 2, 2, 2, 2, 2, 2, 2, 2, 2, 2, 2, 2, 2, 2, 2, 2, 2, 2, 2, 2, 2, 2, 2, 2, 2, 2, 2, 2, 2, 2, 2, 2, 2, 2, 2, 2, 2, 2, 2, 2, 2, 2, 2, 2, 2, 2, 2, 2, 2, 2, 2, 2, 2, 2, 2, 2, 2, 2, 2, 2, 2, 2, 2, 2, 2, 2, 2, 2, 2, 2, 2, 2, 2, 2, 2, 2, 2, 2, 2, 2, 2, 2, 2, 2, 2, 2, 2, 2, 2, 2, 2, 2, 2, 2, 2, 2, 2, 2, 2, 2, 2, 2, 2, 2, 2, 2, 2, 2, 2, 2, 2, 2, 2, 2, 2, 2, 2, 2, 2, 2, 2, 2, 2, 2, 2, 2, 2, 2, 2, 2, 2, 2, 2, 2, 2, 2, 2, 2, 2, 2, 2, 2, 2, 2, 2, 2, 2, 2, 2, 2, 2, 2, 2, 2, 2, 2, 2, 2, 2, 2, 2, 2, 2, 2, 2, 2, 2, 2, 2, 2, 2, 2, 2, 2, 2, 2, 2, 2, 2, 2, 2, 2, 2, 2, 2, 2, 2, 2, 2, 2, 2, 2, 2, 2, 2, 2, 2, 2, 2, 2, 2, 2, 2, 2, 2, 2, 2, 2, 2, 2, 2, 2, 2, 2, 2, 2, 2, 2, 2, 2, 2, 2, 2, 2, 2, 2, 2, 2, 2, 2, 2, 2, 2, 2, 2, 2, 2, 2, 2, 2, 2, 2, 2, 2, 2, 2, 2, 2, 2, 2, 2, 2, 2, 2, 2, 2, 2, 2, 2, 2, 2, 2, 2, 2, 2, 2, 2, 2, 2, 2, 2, 2, 2, 2, 2, 2, 2, 2, 2, 2, 2, 2, 2, 2, 2, 2, 2, 2, 2, 2, 2, 2, 2, 2, 2, 2, 2, 2, 2, 2, 2, 2, 2, 2, 2, 2, 2, 2, 2, 2, 2, 2, 2, 2, 2, 2, 2, 2, 2, 2, 2, 2, 2, 2, 2, 2, 2, 2, 2, 2, 2, 2, 2, 2, 2, 2, 2, 2, 2, 2, 2, 2, 2, 2, 2, 2, 2, 2, 2, 2, 2, 2, 2, 2, 2, 2, 2, 2, 2, 2, 2, 2, 2, 2, 2, 2, 2, 2, 2, 2, 2, 2, 2, 2, 2, 2, 2, 2, 2, 2, 2, 2, 2, 2, 2, 2, 2, 2, 2, 2, 2, 2, 2, 2, 2, 2, 2, 2, 2, 2, 2, 2, 2, 2, 2, 2, 2, 2, 2, 2, 2, 2, 2, 2, 2, 2, 2, 2, 2, 2, 2, 2, 2, 2, 2, 2, 2, 2, 2, 2, 2, 2, 2, 2, 2, 2, 2, 2, 2, 2, 2, 2, 2, 2, 2, 2, 2, 2, 2, 2, 2, 2, 2, 2, 2, 2, 2, 2, 2, 2, 2, 2, 2, 2, 2, 2, 2, 2, 2, 2, 2, 2, 2, 2, 2, 2, 2, 2, 2, 2, 2, 2, 2, 2, 2, 2, 2, 2, 2, 2, 2, 2, 2, 2, 2, 2, 2, 2, 2, 2, 2, 2, 2, 2, 2, 2, 2, 2, 2, 2, 2, 2, 2, 2, 2, 2, 2, 2, 2, 2, 2, 2, 2, 2, 2, 2, 2, 2, 2, 2, 2, 2, 2, 2, 2, 2, 2, 2, 2, 2, 2, 2, 2, 2, 2, 2, 2, 2, 2, 2, 2, 2, 2, 2, 2, 2, 2, 2, 2, 2, 2, 2, 2, 2, 2, 2, 2, 2, 2, 2, 2, 2, 2, 2, 2, 2, 2, 2, 2, 2, 2, 2, 2, 2, 2, 2, 2, 2, 2, 2, 2, 2, 2, 2, 2, 2, 2, 2, 2, 2, 2, 2, 2, 2, 2, 2, 2, 2, 2, 2, 2, 2, 2, 2, 2, 2, 2, 2, 2, 2, 2, 2, 2, 2, 2, 2, 2, 2, 2, 2, 2, 2, 2, 2, 2, 2, 2, 2, 2, 2, 2, 2, 2, 2, 2, 2, 2, 2, 2, 2, 2, 2, 2, 2, 2, 2, 2, 2, 2]	"[[0]
 [0]
 [0]
 [0]
 [0]
 [0]
 [0]
 [0]
 [0]
 [0]
 [0]
 [0]
 [0]
 [0]
 [0]
 [0]
 [0]
 [0]
 [0]
 [0]
 [0]
 [0]
 [0]
 [0]
 [0]
 [0]
 [0]
 [0]
 [0]
 [0]
 [0]
 [0]
 [0]
 [0]
 [0]
 [0]
 [0]
 [0]
 [0]
 [0]
 [0]
 [0]
 [0]
 [0]
 [0]
 [0]
 [0]
 [0]
 [0]
 [0]
 [0]
 [0]
 [0]
 [0]
 [0]
 [0]
 [0]
 [0]
 [0]
 [0]
 [0]
 [0]
 [0]
 [0]
 [0]
 [0]
 [0]
 [0]
 [0]
 [0]
 [0]
 [0]
 [0]
 [0]
 [0]
 [0]
 [0]
 [0]
 [0]
 [0]
 [0]
 [0]
 [0]
 [0]
 [0]
 [0]
 [0]
 [0]
 [0]
 [0]
 [0]
 [0]
 [0]
 [0]
 [0]
 [0]
 [0]
 [0]
 [0]
 [0]
 [0]
 [0]
 [0]
 [0]
 [0]
 [0]
 [0]
 [0]
 [0]
 [0]
 [0]
 [0]
 [0]
 [0]
 [0]
 [0]
 [0]
 [0]
 [0]
 [1]
 [1]
 [1]
 [1]
 [1]
 [1]
 [1]
 [1]
 [1]
 [1]
 [2]
 [2]
 [2]
 [2]
 [2]
 [2]
 [2]
 [2]
 [2]
 [2]
 [2]
 [2]
 [2]
 [2]
 [2]
 [2]
 [2]
 [2]
 [2]
 [2]
 [3]
 [3]
 [3]
 [3]
 [3]
 [3]
 [3]
 [3]
 [3]
 [3]
 [3]
 [3]
 [3]
 [3]
 [3]
 [3]
 [3]
 [1]
 [1]
 [1]
 [2]
 [2]
 [2]
 [2]
 [2]
 [1]
 [1]
 [1]
 [1]
 [1]
 [1]
 [1]
 [1]
 [2]
 [2]
 [2]
 [2]
 [2]
 [2]
 [2]
 [2]
 [2]
 [2]
 [2]
 [2]
 [2]
 [2]
 [2]
 [2]
 [3]
 [3]
 [3]
 [3]
 [3]
 [3]
 [3]
 [3]
 [3]
 [3]
 [3]
 [3]
 [3]
 [3]
 [3]
 [3]
 [3]
 [3]
 [3]
 [3]
 [3]
 [3]
 [3]
 [3]
 [3]
 [3]
 [3]
 [3]
 [3]
 [3]
 [3]
 [3]
 [3]
 [3]
 [3]
 [3]
 [3]
 [3]
 [3]
 [3]
 [3]
 [3]
 [3]
 [3]
 [3]
 [3]
 [3]
 [3]
 [3]
 [3]
 [3]
 [3]
 [3]
 [3]
 [3]
 [3]
 [3]
 [4]
 [4]
 [4]
 [4]
 [4]
 [4]
 [4]
 [4]
 [4]
 [4]
 [4]
 [4]
 [4]
 [4]
 [4]
 [4]
 [4]
 [4]
 [4]
 [4]
 [4]
 [4]
 [4]
 [0]
 [1]
 [1]
 [1]
 [1]
 [1]
 [1]
 [1]
 [2]
 [2]
 [2]
 [2]
 [2]
 [2]
 [2]
 [2]
 [2]
 [2]
 [2]
 [2]
 [2]
 [2]
 [2]
 [2]
 [2]
 [2]
 [2]
 [2]
 [2]
 [2]
 [2]
 [2]
 [2]
 [2]
 [2]
 [2]
 [2]
 [2]
 [2]
 [2]
 [1]
 [1]
 [1]
 [1]
 [1]
 [1]
 [2]
 [2]
 [2]
 [2]
 [2]
 [2]
 [2]
 [2]
 [2]
 [2]
 [2]
 [2]
 [2]
 [2]
 [2]
 [2]
 [2]
 [2]
 [2]
 [2]
 [0]
 [1]
 [1]
 [1]
 [1]
 [0]
 [0]
 [0]
 [0]
 [0]
 [0]
 [0]
 [0]
 [0]
 [0]
 [0]
 [0]
 [0]
 [0]
 [0]
 [1]
 [1]
 [1]
 [1]
 [1]
 [1]
 [1]
 [2]
 [2]
 [2]
 [2]
 [2]
 [2]
 [2]
 [2]
 [2]
 [2]
 [2]
 [2]
 [2]
 [2]
 [2]
 [2]
 [2]
 [2]
 [2]
 [2]
 [2]
 [1]
 [1]
 [2]
 [2]
 [2]
 [2]
 [1]
 [1]
 [1]
 [1]
 [1]
 [1]
 [2]
 [2]
 [2]
 [2]
 [2]
 [2]
 [2]
 [2]
 [3]
 [3]
 [3]
 [3]
 [3]
 [3]
 [3]
 [3]
 [3]
 [3]
 [3]
 [3]
 [3]
 [3]
 [3]
 [3]
 [3]
 [3]
 [3]
 [3]
 [3]
 [3]
 [3]
 [1]
 [1]
 [1]
 [1]
 [1]
 [1]
 [1]
 [2]
 [2]
 [2]
 [2]
 [2]
 [2]
 [2]
 [2]
 [2]
 [2]
 [2]
 [2]
 [2]
 [4]
 [4]
 [4]
 [4]
 [4]
 [4]
 [4]
 [4]
 [4]
 [4]
 [4]
 [4]
 [4]
 [4]
 [4]
 [4]
 [4]
 [4]
 [4]
 [4]
 [4]
 [4]
 [4]
 [4]
 [0]
 [0]
 [4]
 [4]
 [4]
 [4]
 [4]
 [4]
 [4]
 [4]
 [4]
 [4]
 [4]
 [4]
 [4]
 [4]
 [4]
 [4]
 [4]
 [4]
 [4]
 [4]
 [4]
 [4]
 [4]
 [4]
 [4]
 [4]
 [4]
 [4]
 [4]
 [4]
 [4]
 [4]
 [1]
 [4]
 [4]
 [4]
 [4]
 [4]
 [4]
 [4]
 [0]
 [0]
 [0]
 [1]
 [1]
 [1]
 [1]
 [1]
 [1]
 [0]
 [0]
 [0]
 [1]
 [1]
 [1]
 [1]
 [1]
 [1]
 [1]
 [1]
 [2]
 [2]
 [2]
 [2]
 [2]
 [2]
 [2]
 [2]
 [2]
 [2]
 [2]
 [2]
 [2]
 [2]
 [2]
 [1]
 [1]
 [2]
 [2]
 [2]
 [2]
 [2]
 [2]
 [2]
 [2]
 [2]
 [2]
 [2]
 [2]
 [2]
 [2]
 [2]
 [2]
 [3]
 [3]
 [3]
 [3]
 [3]
 [3]
 [3]
 [3]
 [3]
 [3]
 [3]
 [3]
 [1]
 [1]
 [1]
 [1]
 [1]
 [2]
 [2]
 [2]
 [2]
 [2]
 [2]
 [2]
 [2]
 [2]
 [2]
 [3]
 [3]
 [3]
 [3]
 [3]
 [3]
 [3]
 [3]
 [3]
 [3]
 [3]
 [3]
 [3]
 [3]
 [3]
 [3]
 [3]
 [3]
 [3]
 [3]
 [3]
 [3]
 [3]
 [3]
 [3]
 [3]
 [3]
 [3]
 [3]
 [1]
 [1]
 [1]
 [1]
 [1]
 [1]
 [2]
 [2]
 [2]
 [2]
 [2]
 [2]
 [2]
 [3]
 [3]
 [3]
 [3]
 [3]
 [3]
 [3]
 [3]
 [3]
 [3]
 [3]
 [3]
 [3]
 [1]
 [1]
 [1]
 [1]
 [1]
 [1]
 [2]
 [2]
 [2]
 [2]
 [2]
 [4]
 [4]
 [4]
 [4]
 [4]
 [4]
 [4]
 [4]
 [4]
 [4]
 [4]
 [4]
 [4]
 [4]
 [4]
 [4]
 [4]
 [4]
 [4]
 [4]
 [4]
 [4]
 [4]
 [1]
 [4]
 [4]
 [4]
 [4]
 [4]
 [4]
 [4]
 [4]
 [4]
 [4]
 [4]
 [4]
 [4]
 [4]
 [4]
 [4]
 [4]
 [4]
 [4]
 [4]
 [4]
 [4]
 [4]
 [4]
 [4]
 [4]
 [0]
 [4]
 [4]
 [4]
 [4]
 [4]
 [4]
 [4]
 [1]
 [1]
 [2]
 [2]
 [2]
 [2]
 [2]
 [2]
 [2]
 [2]
 [2]
 [2]
 [2]
 [2]
 [2]
 [2]
 [2]
 [2]
 [2]
 [2]
 [2]
 [2]
 [2]
 [2]
 [2]
 [2]
 [2]
 [2]
 [2]
 [2]
 [2]
 [2]
 [2]
 [2]
 [2]
 [2]
 [2]
 [2]
 [2]
 [2]
 [2]
 [2]
 [1]
 [1]
 [2]
 [2]
 [2]
 [2]
 [2]
 [2]
 [2]
 [2]
 [2]
 [2]
 [2]
 [2]
 [2]
 [2]
 [2]
 [2]
 [2]
 [2]
 [3]
 [3]
 [3]
 [3]
 [3]
 [3]
 [3]
 [3]
 [3]
 [3]
 [3]
 [3]
 [3]
 [3]
 [3]
 [3]
 [3]
 [3]
 [3]
 [3]
 [3]
 [3]
 [2]
 [2]
 [2]
 [2]
 [1]
 [1]
 [1]
 [2]
 [2]
 [2]
 [2]
 [2]
 [2]
 [2]
 [2]
 [2]
 [2]
 [2]
 [2]
 [2]
 [2]
 [2]
 [2]
 [2]
 [2]
 [2]
 [2]
 [2]
 [2]
 [2]
 [2]
 [2]
 [2]
 [2]
 [3]
 [3]
 [3]
 [3]
 [3]
 [3]
 [3]
 [3]
 [3]
 [3]
 [3]
 [3]
 [3]
 [3]
 [3]
 [3]
 [3]
 [3]
 [3]
 [3]
 [3]
 [3]
 [3]
 [0]
 [0]
 [0]
 [0]
 [0]
 [0]
 [0]
 [0]
 [0]
 [0]
 [1]
 [1]
 [1]
 [1]
 [1]
 [1]
 [1]
 [1]
 [1]
 [2]
 [2]
 [2]
 [2]
 [0]
 [0]]"
sub-222	0.2299349240780911	0.07477954144620812	[0.         0.         0.         0.         0.37389771]	[4, 4, 4, 4, 4, 4, 4, 4, 4, 4, 4, 4, 4, 4, 4, 4, 4, 4, 4, 4, 4, 4, 4, 4, 4, 4, 4, 4, 4, 4, 4, 4, 4, 4, 4, 4, 4, 4, 4, 4, 4, 4, 4, 4, 4, 4, 4, 4, 4, 4, 4, 4, 4, 4, 4, 4, 4, 4, 4, 4, 4, 4, 4, 4, 4, 4, 4, 4, 4, 4, 4, 4, 4, 4, 4, 4, 4, 4, 4, 4, 4, 4, 4, 4, 4, 4, 4, 4, 4, 4, 4, 4, 4, 4, 4, 4, 4, 4, 4, 4, 4, 4, 4, 4, 4, 4, 4, 4, 4, 4, 4, 4, 4, 4, 4, 4, 4, 4, 4, 4, 4, 4, 4, 4, 4, 4, 4, 4, 4, 4, 4, 4, 4, 4, 4, 4, 4, 4, 4, 4, 4, 4, 4, 4, 4, 4, 4, 4, 4, 4, 4, 4, 4, 4, 4, 4, 4, 4, 4, 4, 4, 4, 4, 4, 4, 4, 4, 4, 4, 4, 4, 4, 4, 4, 4, 4, 4, 4, 4, 4, 4, 4, 4, 4, 4, 4, 4, 4, 4, 4, 4, 4, 4, 4, 4, 4, 4, 4, 4, 4, 4, 4, 4, 4, 4, 4, 4, 4, 4, 4, 4, 4, 4, 4, 4, 4, 4, 4, 4, 4, 4, 4, 4, 4, 4, 4, 4, 4, 4, 4, 4, 4, 4, 4, 4, 4, 4, 4, 4, 4, 4, 4, 4, 4, 4, 4, 4, 4, 4, 4, 4, 4, 4, 4, 4, 4, 4, 4, 4, 4, 4, 4, 4, 4, 4, 4, 4, 4, 4, 4, 4, 4, 4, 4, 4, 4, 4, 4, 4, 4, 4, 4, 4, 4, 4, 4, 4, 4, 4, 4, 4, 4, 4, 4, 4, 4, 4, 4, 4, 4, 4, 4, 4, 4, 4, 4, 4, 4, 4, 4, 4, 4, 4, 4, 4, 4, 4, 4, 4, 4, 4, 4, 4, 4, 4, 4, 4, 4, 4, 4, 4, 4, 4, 4, 4, 4, 4, 4, 4, 4, 4, 4, 4, 4, 4, 4, 4, 4, 4, 4, 4, 4, 4, 4, 4, 4, 4, 4, 4, 4, 4, 4, 4, 4, 4, 4, 4, 4, 4, 4, 4, 4, 4, 4, 4, 4, 4, 4, 4, 4, 4, 4, 4, 4, 4, 4, 4, 4, 4, 4, 4, 4, 4, 4, 4, 4, 4, 4, 4, 4, 4, 4, 4, 4, 4, 4, 4, 4, 4, 4, 4, 4, 4, 4, 4, 4, 4, 4, 4, 4, 4, 4, 4, 4, 4, 4, 4, 4, 4, 4, 4, 4, 4, 4, 4, 4, 4, 4, 4, 4, 4, 4, 4, 4, 4, 4, 4, 4, 4, 4, 4, 4, 4, 4, 4, 4, 4, 4, 4, 4, 4, 4, 4, 4, 4, 4, 4, 4, 4, 4, 4, 4, 4, 4, 4, 4, 4, 4, 4, 4, 4, 4, 4, 4, 4, 4, 4, 4, 4, 4, 4, 4, 4, 4, 4, 4, 4, 4, 4, 4, 4, 4, 4, 4, 4, 4, 4, 4, 4, 4, 4, 4, 4, 4, 4, 4, 4, 4, 4, 4, 4, 4, 4, 4, 4, 4, 4, 4, 4, 4, 4, 4, 4, 4, 4, 4, 4, 4, 4, 4, 4, 4, 4, 4, 4, 4, 4, 4, 4, 4, 4, 4, 4, 4, 4, 4, 4, 4, 4, 4, 4, 4, 4, 4, 4, 4, 4, 4, 4, 4, 4, 4, 4, 4, 4, 4, 4, 4, 4, 4, 4, 4, 4, 4, 4, 4, 4, 4, 4, 4, 4, 4, 4, 4, 4, 4, 4, 4, 4, 4, 4, 4, 4, 4, 4, 4, 4, 4, 4, 4, 4, 4, 4, 4, 4, 4, 4, 4, 4, 4, 4, 4, 4, 4, 4, 4, 4, 4, 4, 4, 4, 4, 4, 4, 4, 4, 4, 4, 4, 4, 4, 4, 4, 4, 4, 4, 4, 4, 4, 4, 4, 4, 4, 4, 4, 4, 4, 4, 4, 4, 4, 4, 4, 4, 4, 4, 4, 4, 4, 4, 4, 4, 4, 4, 4, 4, 4, 4, 4, 4, 4, 4, 4, 4, 4, 4, 4, 4, 4, 4, 4, 4, 4, 4, 4, 4, 4, 4, 4, 4, 4, 4, 4, 4, 4, 4, 4, 4, 4, 4, 4, 4, 4, 4, 4, 4, 4, 4, 4, 4, 4, 4, 4, 4, 4, 4, 4, 4, 4, 4, 4, 4, 4, 4, 4, 4, 4, 4, 4, 4, 4, 4, 4, 4, 4, 4, 4, 4, 4, 4, 4, 4, 4, 4, 4, 4, 4, 4, 4, 4, 4, 4, 4, 4, 4, 4, 4, 4, 4, 4, 4, 4, 4, 4, 4, 4, 4, 4, 4, 4, 4, 4, 4, 4, 4, 4, 4, 4, 4, 4, 4, 4, 4, 4, 4, 4, 4, 4, 4, 4, 4, 4, 4, 4, 4, 4, 4, 4, 4, 4, 4, 4, 4, 4, 4, 4, 4, 4, 4, 4, 4, 4, 4, 4, 4, 4, 4, 4, 4, 4, 4, 4, 4, 4, 4, 4, 4, 4, 4, 4, 4, 4, 4, 4, 4, 4, 4, 4, 4, 4, 4, 4, 4, 4, 4, 4, 4, 4, 4, 4, 4, 4, 4, 4, 4, 4, 4, 4, 4, 4, 4, 4, 4, 4, 4, 4, 4, 4, 4, 4, 4, 4, 4, 4, 4, 4, 4, 4, 4, 4, 4, 4, 4, 4, 4, 4, 4, 4, 4, 4, 4, 4, 4, 4, 4, 4, 4, 4, 4, 4, 4, 4, 4, 4, 4, 4, 4, 4, 4, 4, 4, 4]	"[[0]
 [0]
 [0]
 [0]
 [0]
 [0]
 [0]
 [0]
 [0]
 [0]
 [0]
 [0]
 [0]
 [0]
 [0]
 [0]
 [0]
 [0]
 [0]
 [0]
 [0]
 [0]
 [0]
 [0]
 [0]
 [0]
 [0]
 [0]
 [0]
 [0]
 [0]
 [0]
 [0]
 [0]
 [0]
 [0]
 [1]
 [1]
 [1]
 [1]
 [1]
 [1]
 [1]
 [1]
 [1]
 [2]
 [2]
 [2]
 [2]
 [2]
 [2]
 [2]
 [2]
 [2]
 [2]
 [2]
 [2]
 [2]
 [3]
 [3]
 [3]
 [3]
 [3]
 [3]
 [3]
 [3]
 [3]
 [3]
 [0]
 [0]
 [1]
 [1]
 [1]
 [0]
 [0]
 [1]
 [1]
 [1]
 [1]
 [1]
 [1]
 [1]
 [1]
 [2]
 [2]
 [2]
 [2]
 [2]
 [2]
 [2]
 [2]
 [2]
 [2]
 [2]
 [3]
 [3]
 [3]
 [3]
 [3]
 [3]
 [3]
 [3]
 [3]
 [3]
 [3]
 [3]
 [3]
 [3]
 [3]
 [3]
 [3]
 [3]
 [3]
 [3]
 [3]
 [3]
 [3]
 [3]
 [3]
 [3]
 [3]
 [3]
 [3]
 [3]
 [3]
 [3]
 [3]
 [3]
 [1]
 [1]
 [1]
 [1]
 [1]
 [1]
 [2]
 [2]
 [2]
 [2]
 [2]
 [2]
 [2]
 [3]
 [3]
 [3]
 [3]
 [3]
 [3]
 [3]
 [3]
 [3]
 [3]
 [3]
 [3]
 [3]
 [3]
 [3]
 [3]
 [3]
 [3]
 [3]
 [3]
 [3]
 [3]
 [3]
 [3]
 [3]
 [3]
 [3]
 [3]
 [3]
 [3]
 [3]
 [3]
 [3]
 [3]
 [3]
 [3]
 [3]
 [3]
 [3]
 [3]
 [3]
 [3]
 [1]
 [1]
 [1]
 [1]
 [2]
 [2]
 [2]
 [2]
 [2]
 [2]
 [2]
 [2]
 [2]
 [2]
 [2]
 [2]
 [2]
 [2]
 [2]
 [3]
 [3]
 [3]
 [3]
 [3]
 [3]
 [1]
 [1]
 [1]
 [1]
 [1]
 [1]
 [2]
 [2]
 [2]
 [2]
 [1]
 [2]
 [2]
 [4]
 [4]
 [4]
 [4]
 [4]
 [4]
 [4]
 [4]
 [4]
 [4]
 [4]
 [4]
 [4]
 [4]
 [4]
 [4]
 [4]
 [4]
 [4]
 [4]
 [4]
 [4]
 [4]
 [4]
 [4]
 [4]
 [4]
 [4]
 [4]
 [4]
 [4]
 [4]
 [4]
 [4]
 [4]
 [4]
 [4]
 [4]
 [4]
 [4]
 [4]
 [1]
 [1]
 [2]
 [2]
 [2]
 [2]
 [2]
 [2]
 [2]
 [1]
 [2]
 [2]
 [1]
 [1]
 [2]
 [2]
 [2]
 [2]
 [2]
 [2]
 [2]
 [0]
 [1]
 [1]
 [2]
 [2]
 [2]
 [2]
 [2]
 [2]
 [2]
 [2]
 [2]
 [2]
 [2]
 [2]
 [2]
 [2]
 [2]
 [2]
 [2]
 [2]
 [2]
 [2]
 [3]
 [3]
 [3]
 [3]
 [3]
 [3]
 [3]
 [3]
 [3]
 [3]
 [3]
 [3]
 [3]
 [3]
 [3]
 [1]
 [1]
 [1]
 [1]
 [1]
 [1]
 [1]
 [2]
 [2]
 [2]
 [2]
 [2]
 [2]
 [2]
 [3]
 [3]
 [3]
 [3]
 [3]
 [3]
 [3]
 [3]
 [3]
 [3]
 [3]
 [3]
 [3]
 [3]
 [3]
 [3]
 [3]
 [3]
 [3]
 [3]
 [3]
 [3]
 [3]
 [3]
 [3]
 [3]
 [3]
 [3]
 [3]
 [3]
 [3]
 [3]
 [3]
 [3]
 [3]
 [3]
 [3]
 [3]
 [3]
 [3]
 [3]
 [3]
 [3]
 [3]
 [3]
 [3]
 [1]
 [1]
 [1]
 [1]
 [1]
 [1]
 [1]
 [1]
 [1]
 [1]
 [1]
 [2]
 [2]
 [2]
 [2]
 [2]
 [2]
 [2]
 [2]
 [2]
 [2]
 [2]
 [2]
 [1]
 [2]
 [2]
 [2]
 [2]
 [4]
 [4]
 [4]
 [4]
 [4]
 [4]
 [4]
 [4]
 [4]
 [4]
 [4]
 [4]
 [1]
 [4]
 [4]
 [4]
 [4]
 [4]
 [4]
 [4]
 [4]
 [4]
 [4]
 [4]
 [4]
 [4]
 [4]
 [4]
 [4]
 [4]
 [4]
 [4]
 [4]
 [4]
 [4]
 [4]
 [4]
 [4]
 [4]
 [4]
 [4]
 [4]
 [4]
 [4]
 [4]
 [4]
 [4]
 [4]
 [4]
 [4]
 [4]
 [4]
 [4]
 [4]
 [4]
 [4]
 [1]
 [2]
 [2]
 [2]
 [2]
 [2]
 [2]
 [2]
 [2]
 [2]
 [2]
 [2]
 [2]
 [2]
 [2]
 [2]
 [2]
 [2]
 [2]
 [2]
 [2]
 [2]
 [2]
 [2]
 [2]
 [1]
 [1]
 [2]
 [2]
 [2]
 [2]
 [2]
 [2]
 [2]
 [2]
 [2]
 [2]
 [2]
 [2]
 [2]
 [2]
 [2]
 [2]
 [2]
 [2]
 [2]
 [3]
 [3]
 [3]
 [3]
 [3]
 [3]
 [3]
 [3]
 [3]
 [3]
 [3]
 [3]
 [3]
 [3]
 [3]
 [3]
 [3]
 [3]
 [3]
 [3]
 [3]
 [3]
 [3]
 [3]
 [3]
 [3]
 [3]
 [3]
 [3]
 [3]
 [3]
 [3]
 [3]
 [3]
 [3]
 [3]
 [3]
 [3]
 [3]
 [3]
 [3]
 [3]
 [3]
 [3]
 [3]
 [3]
 [3]
 [3]
 [3]
 [3]
 [3]
 [3]
 [3]
 [3]
 [3]
 [3]
 [3]
 [3]
 [3]
 [3]
 [3]
 [3]
 [3]
 [3]
 [3]
 [3]
 [3]
 [3]
 [3]
 [3]
 [3]
 [3]
 [3]
 [3]
 [3]
 [3]
 [3]
 [3]
 [3]
 [3]
 [3]
 [3]
 [3]
 [3]
 [3]
 [3]
 [3]
 [3]
 [3]
 [3]
 [3]
 [3]
 [3]
 [3]
 [3]
 [3]
 [3]
 [3]
 [3]
 [3]
 [3]
 [3]
 [3]
 [3]
 [3]
 [3]
 [3]
 [3]
 [3]
 [3]
 [3]
 [3]
 [3]
 [2]
 [2]
 [1]
 [1]
 [1]
 [4]
 [4]
 [4]
 [4]
 [4]
 [4]
 [4]
 [4]
 [4]
 [4]
 [4]
 [4]
 [4]
 [4]
 [4]
 [4]
 [4]
 [4]
 [4]
 [4]
 [4]
 [4]
 [4]
 [4]
 [4]
 [4]
 [4]
 [4]
 [4]
 [4]
 [4]
 [4]
 [4]
 [4]
 [4]
 [4]
 [4]
 [4]
 [4]
 [4]
 [4]
 [4]
 [0]
 [0]
 [0]
 [0]
 [0]
 [0]
 [0]
 [0]
 [0]
 [0]
 [0]
 [0]
 [0]
 [0]
 [0]
 [0]
 [0]
 [0]
 [0]
 [0]
 [0]
 [0]
 [0]
 [0]
 [0]
 [0]
 [1]
 [4]
 [4]
 [4]
 [4]
 [4]
 [1]
 [4]
 [4]
 [4]
 [4]
 [4]
 [0]
 [1]
 [2]
 [2]
 [2]
 [2]
 [2]
 [2]
 [2]
 [2]
 [2]
 [2]
 [2]
 [2]
 [2]
 [2]
 [2]
 [1]
 [2]
 [2]
 [2]
 [2]
 [2]
 [2]
 [2]
 [2]
 [2]
 [2]
 [1]
 [1]
 [1]
 [2]
 [2]
 [2]
 [2]
 [2]
 [2]
 [2]
 [2]
 [2]
 [2]
 [2]
 [2]
 [2]
 [2]
 [2]
 [1]
 [1]
 [2]
 [2]
 [2]
 [2]
 [2]
 [2]
 [1]
 [2]
 [2]
 [2]
 [2]
 [2]
 [2]
 [2]
 [2]
 [2]
 [2]
 [2]
 [2]
 [2]
 [2]
 [2]
 [2]
 [2]
 [2]
 [2]
 [2]
 [1]
 [2]
 [2]
 [2]
 [2]
 [2]
 [2]
 [2]
 [2]
 [2]
 [2]
 [2]
 [2]
 [2]
 [2]
 [2]
 [2]
 [2]
 [2]
 [2]
 [2]
 [2]
 [2]
 [2]
 [1]
 [1]
 [1]
 [2]
 [2]
 [2]
 [2]
 [2]
 [2]
 [4]
 [4]
 [4]
 [4]
 [4]
 [4]
 [4]
 [4]
 [4]
 [4]
 [4]
 [4]
 [4]
 [4]
 [4]
 [4]
 [4]
 [1]
 [4]
 [4]
 [4]
 [4]
 [4]
 [4]
 [4]
 [4]
 [4]
 [4]
 [4]
 [4]
 [4]
 [4]
 [4]
 [4]
 [4]
 [4]
 [4]
 [4]
 [4]
 [4]
 [4]
 [4]
 [4]
 [4]
 [4]
 [4]
 [4]
 [4]
 [4]
 [4]
 [4]
 [4]
 [4]
 [4]
 [4]
 [4]
 [4]
 [4]
 [4]
 [4]
 [4]
 [4]
 [4]
 [4]
 [4]
 [1]
 [1]
 [2]
 [2]
 [2]
 [2]
 [2]
 [2]
 [2]
 [2]
 [2]
 [2]
 [2]
 [2]
 [2]
 [2]
 [2]
 [2]
 [2]
 [2]
 [2]
 [2]
 [2]
 [2]
 [2]
 [2]
 [2]
 [2]
 [2]
 [2]
 [2]
 [2]
 [2]
 [2]
 [2]
 [2]
 [2]
 [2]
 [0]
 [0]]"
sub-225	0.2857142857142857	0.08888888888888889	[0.         0.         0.         0.         0.44444444]	[4, 4, 4, 4, 4, 4, 4, 4, 4, 4, 4, 4, 4, 4, 4, 4, 4, 4, 4, 4, 4, 4, 4, 4, 4, 4, 4, 4, 4, 4, 4, 4, 4, 4, 4, 4, 4, 4, 4, 4, 4, 4, 4, 4, 4, 4, 4, 4, 4, 4, 4, 4, 4, 4, 4, 4, 4, 4, 4, 4, 4, 4, 4, 4, 4, 4, 4, 4, 4, 4, 4, 4, 4, 4, 4, 4, 4, 4, 4, 4, 4, 4, 4, 4, 4, 4, 4, 4, 4, 4, 4, 4, 4, 4, 4, 4, 4, 4, 4, 4, 4, 4, 4, 4, 4, 4, 4, 4, 4, 4, 4, 4, 4, 4, 4, 4, 4, 4, 4, 4, 4, 4, 4, 4, 4, 4, 4, 4, 4, 4, 4, 4, 4, 4, 4, 4, 4, 4, 4, 4, 4, 4, 4, 4, 4, 4, 4, 4, 4, 4, 4, 4, 4, 4, 4, 4, 4, 4, 4, 4, 4, 4, 4, 4, 4, 4, 4, 4, 4, 4, 4, 4, 4, 4, 4, 4, 4, 4, 4, 4, 4, 4, 4, 4, 4, 4, 4, 4, 4, 4, 4, 4, 4, 4, 4, 4, 4, 4, 4, 4, 4, 4, 4, 4, 4, 4, 4, 4, 4, 4, 4, 4, 4, 4, 4, 4, 4, 4, 4, 4, 4, 4, 4, 4, 4, 4, 4, 4, 4, 4, 4, 4, 4, 4, 4, 4, 4, 4, 4, 4, 4, 4, 4, 4, 4, 4, 4, 4, 4, 4, 4, 4, 4, 4, 4, 4, 4, 4, 4, 4, 4, 4, 4, 4, 4, 4, 4, 4, 4, 4, 4, 4, 4, 4, 4, 4, 4, 4, 4, 4, 4, 4, 4, 4, 4, 4, 4, 4, 4, 4, 4, 4, 4, 4, 4, 4, 4, 4, 4, 4, 4, 4, 4, 4, 4, 4, 4, 4, 4, 4, 4, 4, 4, 4, 4, 4, 4, 4, 4, 4, 4, 4, 4, 4, 4, 4, 4, 4, 4, 4, 4, 4, 4, 4, 4, 4, 4, 4, 4, 4, 4, 4, 4, 4, 4, 4, 4, 4, 4, 4, 4, 4, 4, 4, 4, 4, 4, 4, 4, 4, 4, 4, 4, 4, 4, 4, 4, 4, 4, 4, 4, 4, 4, 4, 4, 4, 4, 4, 4, 4, 4, 4, 4, 4, 4, 4, 4, 4, 4, 4, 4, 4, 4, 4, 4, 4, 4, 4, 4, 4, 4, 4, 4, 4, 4, 4, 4, 4, 4, 4, 4, 4, 4, 4, 4, 4, 4, 4, 4, 4, 4, 4, 4, 4, 4, 4, 4, 4, 4, 4, 4, 4, 4, 4, 4, 4, 4, 4, 4, 4, 4, 4, 4, 4, 4, 4, 4, 4, 4, 4, 4, 4, 4, 4, 4, 4, 4, 4, 4, 4, 4, 4, 4, 4, 4, 4, 4, 4, 4, 4, 4, 4, 4, 4, 4, 4, 4, 4, 4, 4, 4, 4, 4, 4, 4, 4, 4, 4, 4, 4, 4, 4, 4, 4, 4, 4, 4, 4, 4, 4, 4, 4, 4, 4, 4, 4, 4, 4, 4, 4, 4, 4, 4, 4, 4, 4, 4, 4, 4, 4, 4, 4, 4, 4, 4, 4, 4, 4, 4, 4, 4, 4, 4, 4, 4, 4, 4, 4, 4, 4, 4, 4, 4, 4, 4, 4, 4, 4, 4, 4, 4, 4, 4, 4, 4, 4, 4, 4, 4, 4, 4, 4, 4, 4, 4, 4, 4, 4, 4, 4, 4, 4, 4, 4, 4, 4, 4, 4, 4, 4, 4, 4, 4, 4, 4, 4, 4, 4, 4, 4, 4, 4, 4, 4, 4, 4, 4, 4, 4, 4, 4, 4, 4, 4, 4, 4, 4, 4, 4, 4, 4, 4, 4, 4, 4, 4, 4, 4, 4, 4, 4, 4, 4, 4, 4, 4, 4, 4, 4, 4, 4, 4, 4, 4, 4, 4, 4, 4, 4, 4, 4, 4, 4, 4, 4, 4, 4, 4, 4, 4, 4, 4, 4, 4, 4, 4, 4, 4, 4, 4, 4, 4, 4, 4, 4, 4, 4, 4, 4, 4, 4, 4, 4, 4, 4, 4, 4, 4, 4, 4, 4, 4, 4, 4, 4, 4, 4, 4, 4, 4, 4, 4, 4, 4, 4, 4, 4, 4, 4, 4, 4, 4, 4, 4, 4, 4, 4, 4, 4, 4, 4, 4, 4, 4, 4, 4, 4, 4, 4, 4, 4, 4, 4, 4, 4, 4, 4, 4, 4, 4, 4, 4, 4, 4, 4, 4, 4, 4, 4, 4, 4, 4, 4, 4, 4, 4, 4, 4, 4, 4, 4, 4, 4, 4, 4, 4, 4, 4, 4, 4, 4, 4, 4, 4, 4, 4, 4, 4, 4, 4, 4, 4, 4, 4, 4, 4, 4, 4, 4, 4, 4, 4, 4, 4, 4, 4, 4, 4, 4, 4, 4, 4, 4, 4, 4, 4, 4, 4, 4, 4, 4, 4, 4, 4, 4, 4, 4, 4, 4, 4, 4, 4, 4, 4, 4, 4, 4, 4, 4, 4, 4, 4, 4, 4, 4, 4, 4, 4, 4, 4, 4, 4, 4, 4, 4, 4, 4, 4, 4, 4, 4, 4, 4, 4, 4, 4, 4, 4, 4, 4, 4, 4, 4, 4, 4, 4, 4, 4, 4, 4, 4, 4, 4, 4, 4, 4, 4, 4, 4, 4, 4, 4, 4, 4, 4, 4, 4, 4, 4, 4, 4, 4, 4, 4, 4, 4, 4, 4, 4, 4, 4, 4, 4, 4, 4, 4]	"[[0]
 [0]
 [0]
 [0]
 [0]
 [0]
 [0]
 [0]
 [1]
 [1]
 [1]
 [1]
 [1]
 [1]
 [1]
 [1]
 [1]
 [1]
 [1]
 [1]
 [1]
 [1]
 [1]
 [1]
 [1]
 [1]
 [1]
 [1]
 [2]
 [2]
 [2]
 [2]
 [2]
 [2]
 [2]
 [2]
 [2]
 [2]
 [2]
 [2]
 [2]
 [2]
 [2]
 [2]
 [2]
 [2]
 [2]
 [2]
 [2]
 [3]
 [3]
 [3]
 [3]
 [3]
 [3]
 [3]
 [3]
 [3]
 [3]
 [3]
 [3]
 [3]
 [3]
 [3]
 [3]
 [3]
 [3]
 [3]
 [3]
 [3]
 [3]
 [3]
 [3]
 [3]
 [3]
 [3]
 [3]
 [3]
 [3]
 [3]
 [3]
 [3]
 [3]
 [3]
 [3]
 [3]
 [3]
 [3]
 [3]
 [3]
 [3]
 [3]
 [3]
 [3]
 [3]
 [3]
 [3]
 [3]
 [3]
 [3]
 [3]
 [3]
 [3]
 [3]
 [3]
 [3]
 [3]
 [3]
 [3]
 [3]
 [3]
 [3]
 [3]
 [4]
 [4]
 [4]
 [4]
 [4]
 [4]
 [4]
 [4]
 [4]
 [4]
 [4]
 [4]
 [4]
 [4]
 [4]
 [2]
 [2]
 [2]
 [2]
 [2]
 [2]
 [2]
 [2]
 [2]
 [2]
 [2]
 [2]
 [2]
 [2]
 [2]
 [2]
 [2]
 [2]
 [2]
 [2]
 [3]
 [3]
 [3]
 [3]
 [3]
 [3]
 [3]
 [3]
 [3]
 [3]
 [3]
 [3]
 [3]
 [3]
 [3]
 [3]
 [3]
 [3]
 [3]
 [3]
 [3]
 [3]
 [3]
 [3]
 [3]
 [3]
 [3]
 [3]
 [3]
 [3]
 [3]
 [3]
 [3]
 [3]
 [3]
 [3]
 [3]
 [3]
 [3]
 [3]
 [3]
 [3]
 [3]
 [3]
 [3]
 [3]
 [3]
 [3]
 [3]
 [3]
 [3]
 [3]
 [3]
 [3]
 [3]
 [3]
 [3]
 [3]
 [3]
 [3]
 [3]
 [3]
 [3]
 [3]
 [3]
 [3]
 [3]
 [3]
 [3]
 [3]
 [3]
 [3]
 [3]
 [2]
 [2]
 [2]
 [2]
 [2]
 [2]
 [2]
 [2]
 [2]
 [2]
 [2]
 [2]
 [2]
 [2]
 [2]
 [4]
 [4]
 [4]
 [4]
 [4]
 [4]
 [4]
 [4]
 [4]
 [4]
 [4]
 [4]
 [4]
 [4]
 [4]
 [4]
 [4]
 [4]
 [4]
 [4]
 [4]
 [4]
 [4]
 [1]
 [1]
 [1]
 [1]
 [2]
 [1]
 [2]
 [2]
 [2]
 [2]
 [2]
 [2]
 [2]
 [2]
 [2]
 [2]
 [2]
 [2]
 [2]
 [2]
 [1]
 [2]
 [2]
 [2]
 [2]
 [2]
 [2]
 [2]
 [2]
 [2]
 [1]
 [1]
 [2]
 [2]
 [2]
 [2]
 [2]
 [3]
 [3]
 [3]
 [3]
 [3]
 [3]
 [3]
 [3]
 [3]
 [3]
 [3]
 [3]
 [3]
 [3]
 [1]
 [1]
 [1]
 [3]
 [3]
 [3]
 [3]
 [3]
 [3]
 [3]
 [3]
 [3]
 [3]
 [3]
 [3]
 [3]
 [3]
 [3]
 [3]
 [3]
 [3]
 [3]
 [3]
 [1]
 [2]
 [2]
 [3]
 [3]
 [3]
 [3]
 [3]
 [3]
 [3]
 [3]
 [3]
 [3]
 [3]
 [3]
 [3]
 [3]
 [3]
 [3]
 [3]
 [3]
 [3]
 [3]
 [1]
 [2]
 [2]
 [2]
 [3]
 [3]
 [3]
 [3]
 [3]
 [3]
 [3]
 [3]
 [3]
 [3]
 [3]
 [3]
 [3]
 [3]
 [3]
 [3]
 [3]
 [3]
 [3]
 [3]
 [3]
 [3]
 [3]
 [3]
 [3]
 [3]
 [3]
 [3]
 [3]
 [3]
 [3]
 [3]
 [3]
 [3]
 [3]
 [3]
 [3]
 [3]
 [3]
 [3]
 [1]
 [3]
 [3]
 [3]
 [3]
 [3]
 [4]
 [4]
 [4]
 [4]
 [4]
 [4]
 [4]
 [4]
 [4]
 [4]
 [4]
 [4]
 [4]
 [4]
 [4]
 [4]
 [4]
 [4]
 [4]
 [4]
 [4]
 [4]
 [4]
 [4]
 [4]
 [4]
 [4]
 [4]
 [4]
 [4]
 [4]
 [4]
 [4]
 [4]
 [4]
 [4]
 [4]
 [4]
 [4]
 [4]
 [4]
 [4]
 [4]
 [4]
 [4]
 [4]
 [4]
 [4]
 [4]
 [4]
 [4]
 [4]
 [4]
 [4]
 [4]
 [4]
 [4]
 [4]
 [4]
 [4]
 [4]
 [4]
 [4]
 [4]
 [4]
 [4]
 [4]
 [4]
 [4]
 [4]
 [4]
 [4]
 [4]
 [4]
 [4]
 [4]
 [4]
 [4]
 [4]
 [4]
 [4]
 [4]
 [4]
 [4]
 [2]
 [2]
 [2]
 [2]
 [2]
 [2]
 [2]
 [2]
 [2]
 [2]
 [1]
 [1]
 [2]
 [2]
 [2]
 [2]
 [2]
 [2]
 [2]
 [2]
 [2]
 [2]
 [2]
 [2]
 [2]
 [2]
 [2]
 [2]
 [2]
 [2]
 [2]
 [2]
 [2]
 [2]
 [2]
 [2]
 [2]
 [2]
 [2]
 [2]
 [2]
 [3]
 [3]
 [3]
 [3]
 [3]
 [3]
 [3]
 [3]
 [3]
 [3]
 [3]
 [3]
 [3]
 [3]
 [3]
 [3]
 [3]
 [3]
 [3]
 [3]
 [3]
 [3]
 [3]
 [3]
 [3]
 [3]
 [3]
 [3]
 [3]
 [3]
 [3]
 [3]
 [3]
 [3]
 [3]
 [3]
 [3]
 [3]
 [3]
 [3]
 [3]
 [3]
 [3]
 [3]
 [3]
 [3]
 [3]
 [3]
 [3]
 [3]
 [3]
 [3]
 [3]
 [3]
 [3]
 [2]
 [2]
 [2]
 [2]
 [2]
 [2]
 [2]
 [2]
 [2]
 [2]
 [2]
 [2]
 [2]
 [2]
 [2]
 [2]
 [2]
 [2]
 [2]
 [2]
 [2]
 [2]
 [2]
 [2]
 [2]
 [2]
 [2]
 [2]
 [2]
 [2]
 [2]
 [2]
 [2]
 [2]
 [2]
 [4]
 [4]
 [4]
 [4]
 [4]
 [4]
 [4]
 [4]
 [4]
 [4]
 [4]
 [4]
 [4]
 [4]
 [4]
 [4]
 [4]
 [4]
 [4]
 [4]
 [4]
 [4]
 [4]
 [4]
 [4]
 [4]
 [4]
 [4]
 [4]
 [4]
 [4]
 [4]
 [4]
 [4]
 [4]
 [4]
 [4]
 [4]
 [4]
 [4]
 [4]
 [4]
 [4]
 [4]
 [4]
 [4]
 [4]
 [4]
 [2]
 [2]
 [1]
 [1]
 [1]
 [2]
 [2]
 [2]
 [2]
 [2]
 [2]
 [2]
 [2]
 [2]
 [2]
 [2]
 [2]
 [2]
 [2]
 [2]
 [2]
 [2]
 [2]
 [2]
 [2]
 [2]
 [2]
 [2]
 [2]
 [2]
 [2]
 [2]
 [2]
 [2]
 [2]
 [2]
 [2]
 [2]
 [2]
 [2]
 [2]
 [2]
 [2]
 [2]
 [2]
 [2]
 [2]
 [2]
 [2]
 [2]
 [2]
 [2]
 [2]
 [3]
 [3]
 [3]
 [3]
 [3]
 [3]
 [3]
 [3]
 [3]
 [3]
 [3]
 [3]
 [3]
 [3]
 [3]
 [3]
 [3]
 [3]
 [3]
 [3]
 [3]
 [3]
 [3]
 [3]
 [3]
 [3]
 [3]
 [3]
 [3]
 [3]
 [3]
 [3]
 [3]
 [3]
 [3]
 [3]
 [3]
 [3]
 [3]
 [3]
 [3]
 [3]
 [3]
 [3]
 [3]
 [1]
 [1]
 [4]
 [4]
 [4]
 [4]
 [4]
 [4]
 [4]
 [4]
 [4]
 [4]
 [4]
 [4]
 [4]
 [4]
 [4]
 [4]
 [4]
 [4]
 [4]
 [4]
 [4]
 [4]
 [4]
 [4]
 [4]
 [4]
 [4]
 [4]
 [4]
 [4]
 [4]
 [4]
 [4]
 [4]
 [4]
 [4]
 [4]
 [4]
 [4]
 [4]
 [4]
 [4]
 [4]
 [4]
 [4]
 [4]
 [4]
 [4]
 [4]
 [4]
 [4]
 [4]
 [4]
 [4]
 [4]
 [4]
 [4]
 [4]
 [4]
 [4]
 [4]
 [4]
 [4]
 [4]
 [4]
 [4]
 [4]
 [4]
 [4]
 [4]
 [4]
 [4]
 [4]
 [4]
 [4]
 [4]
 [4]
 [4]
 [4]
 [4]
 [4]
 [4]
 [4]
 [4]
 [4]
 [4]
 [1]
 [1]
 [1]
 [1]
 [1]
 [1]
 [1]
 [1]
 [1]
 [1]
 [1]
 [1]
 [1]
 [1]
 [1]
 [1]
 [1]
 [1]
 [1]
 [1]
 [1]
 [1]
 [1]
 [1]
 [1]
 [1]
 [1]
 [1]
 [1]
 [1]
 [0]
 [0]
 [0]
 [1]
 [1]
 [0]
 [0]
 [1]
 [1]
 [0]
 [0]]"
sub-226	0.17687074829931973	0.06011560693641619	[0.         0.         0.         0.30057803 0.        ]	[3, 3, 3, 3, 3, 3, 3, 3, 3, 3, 3, 3, 3, 3, 3, 3, 3, 3, 3, 3, 3, 3, 3, 3, 3, 3, 3, 3, 3, 3, 3, 3, 3, 3, 3, 3, 3, 3, 3, 3, 3, 3, 3, 3, 3, 3, 3, 3, 3, 3, 3, 3, 3, 3, 3, 3, 3, 3, 3, 3, 3, 3, 3, 3, 3, 3, 3, 3, 3, 3, 3, 3, 3, 3, 3, 3, 3, 3, 3, 3, 3, 3, 3, 3, 3, 3, 3, 3, 3, 3, 3, 3, 3, 3, 3, 3, 3, 3, 3, 3, 3, 3, 3, 3, 3, 3, 3, 3, 3, 3, 3, 3, 3, 3, 3, 3, 3, 3, 3, 3, 3, 3, 3, 3, 3, 3, 3, 3, 3, 3, 3, 3, 3, 3, 3, 3, 3, 3, 3, 3, 3, 3, 3, 3, 3, 3, 3, 3, 3, 3, 3, 3, 3, 3, 3, 3, 3, 3, 3, 3, 3, 3, 3, 3, 3, 3, 3, 3, 3, 3, 3, 3, 3, 3, 3, 3, 3, 3, 3, 3, 3, 3, 3, 3, 3, 3, 3, 3, 3, 3, 3, 3, 3, 3, 3, 3, 3, 3, 3, 3, 3, 3, 3, 3, 3, 3, 3, 3, 3, 3, 3, 3, 3, 3, 3, 3, 3, 3, 3, 3, 3, 3, 3, 3, 3, 3, 3, 3, 3, 3, 3, 3, 3, 3, 3, 3, 3, 3, 3, 3, 3, 3, 3, 3, 3, 3, 3, 3, 3, 3, 3, 3, 3, 3, 3, 3, 3, 3, 3, 3, 3, 3, 3, 3, 3, 3, 3, 3, 3, 3, 3, 3, 3, 3, 3, 3, 3, 3, 3, 3, 3, 3, 3, 3, 3, 3, 3, 3, 3, 3, 3, 3, 3, 3, 3, 3, 3, 3, 3, 3, 3, 3, 3, 3, 3, 3, 3, 3, 3, 3, 3, 3, 3, 3, 3, 3, 3, 3, 3, 3, 3, 3, 3, 3, 3, 3, 3, 3, 3, 3, 3, 3, 3, 3, 3, 3, 3, 3, 3, 3, 3, 3, 3, 3, 3, 3, 3, 3, 3, 3, 3, 3, 3, 3, 3, 3, 3, 3, 3, 3, 3, 3, 3, 3, 3, 3, 3, 3, 3, 3, 3, 3, 3, 3, 3, 3, 3, 3, 3, 3, 3, 3, 3, 3, 3, 3, 3, 3, 3, 3, 3, 3, 3, 3, 3, 3, 3, 3, 3, 3, 3, 3, 3, 3, 3, 3, 3, 3, 3, 3, 3, 3, 3, 3, 3, 3, 3, 3, 3, 3, 3, 3, 3, 3, 3, 3, 3, 3, 3, 3, 3, 3, 3, 3, 3, 3, 3, 3, 3, 3, 3, 3, 3, 3, 3, 3, 3, 3, 3, 3, 3, 3, 3, 3, 3, 3, 3, 3, 3, 3, 3, 3, 3, 3, 3, 3, 3, 3, 3, 3, 3, 3, 3, 3, 3, 3, 3, 3, 3, 3, 3, 3, 3, 3, 3, 3, 3, 3, 3, 3, 3, 3, 3, 3, 3, 3, 3, 3, 3, 3, 3, 3, 3, 3, 3, 3, 3, 3, 3, 3, 3, 3, 3, 3, 3, 3, 3, 3, 3, 3, 3, 3, 3, 3, 3, 3, 3, 3, 3, 3, 3, 3, 3, 3, 3, 3, 3, 3, 3, 3, 3, 3, 3, 3, 3, 3, 3, 3, 3, 3, 3, 3, 3, 3, 3, 3, 3, 3, 3, 3, 3, 3, 3, 3, 3, 3, 3, 3, 3, 3, 3, 3, 3, 3, 3, 3, 3, 3, 3, 3, 3, 3, 3, 3, 3, 3, 3, 3, 3, 3, 3, 3, 3, 3, 3, 3, 3, 3, 3, 3, 3, 3, 3, 3, 3, 3, 3, 3, 3, 3, 3, 3, 3, 3, 3, 3, 3, 3, 3, 3, 3, 3, 3, 3, 3, 3, 3, 3, 3, 3, 3, 3, 3, 3, 3, 3, 3, 3, 3, 3, 3, 3, 3, 3, 3, 3, 3, 3, 3, 3, 3, 3, 3, 3, 3, 3, 3, 3, 3, 3, 3, 3, 3, 3, 3, 3, 3, 3, 3, 3, 3, 3, 3, 3, 3, 3, 3, 3, 3, 3, 3, 3, 3, 3, 3, 3, 3, 3, 3, 3, 3, 3, 3, 3, 3, 3, 3, 3, 3, 3, 3, 3, 3, 3, 3, 3, 3, 3, 3, 3, 3, 3, 3, 3, 3, 3, 3, 3, 3, 3, 3, 3, 3, 3, 3, 3, 3, 3, 3, 3, 3, 3, 3, 3, 3, 3, 3, 3, 3, 3, 3, 3, 3, 3, 3, 3, 3, 3, 3, 3, 3, 3, 3, 3, 3, 3, 3, 3, 3, 3, 3, 3, 3, 3, 3, 3, 3, 3, 3, 3, 3, 3, 3, 3, 3, 3, 3, 3, 3, 3, 3, 3, 3, 3, 3, 3, 3, 3, 3, 3, 3, 3, 3, 3, 3, 3, 3, 3, 3, 3, 3, 3, 3, 3, 3, 3, 3, 3, 3, 3, 3, 3, 3, 3, 3, 3, 3, 3, 3, 3, 3, 3, 3, 3, 3, 3, 3, 3, 3, 3, 3, 3, 3, 3, 3, 3, 3, 3, 3, 3, 3, 3, 3, 3, 3, 3, 3, 3, 3, 3, 3, 3, 3, 3, 3, 3, 3, 3, 3, 3, 3, 3, 3, 3, 3, 3, 3, 3, 3, 3, 3, 3, 3, 3, 3, 3, 3, 3, 3, 3, 3, 3, 3, 3, 3, 3, 3, 3, 3, 3, 3, 3, 3, 3, 3, 3, 3, 3, 3, 3, 3, 3, 3, 3, 3, 3, 3, 3, 3, 3, 3, 3, 3, 3, 3, 3, 3, 3, 3, 3, 3, 3, 3, 3, 3, 3, 3, 3, 3, 3, 3, 3, 3, 3, 3, 3, 3, 3, 3, 3, 3, 3, 3, 3, 3, 3, 3, 3, 3, 3, 3, 3, 3, 3, 3, 3, 3, 3, 3, 3, 3, 3, 3, 3, 3, 3, 3, 3, 3, 3, 3, 3, 3, 3, 3, 3, 3, 3, 3, 3, 3, 3, 3, 3, 3, 3, 3, 3, 3, 3, 3, 3, 3, 3, 3, 3, 3, 3, 3, 3, 3, 3, 3, 3, 3, 3, 3, 3, 3, 3, 3, 3, 3, 3, 3, 3, 3, 3, 3, 3, 3, 3, 3, 3, 3, 3, 3, 3, 3]	"[[0]
 [0]
 [0]
 ...
 [2]
 [2]
 [0]]"
sub-237	0.30194805194805197	0.09276807980049875	[0.        0.        0.4638404 0.        0.       ]	[2, 2, 2, 2, 2, 2, 2, 2, 2, 2, 2, 2, 2, 2, 2, 2, 2, 2, 2, 2, 2, 2, 2, 2, 2, 2, 2, 2, 2, 2, 2, 2, 2, 2, 2, 2, 2, 2, 2, 2, 2, 2, 2, 2, 2, 2, 2, 2, 2, 2, 2, 2, 2, 2, 2, 2, 2, 2, 2, 2, 2, 2, 2, 2, 2, 2, 2, 2, 2, 2, 2, 2, 2, 2, 2, 2, 2, 2, 2, 2, 2, 2, 2, 2, 2, 2, 2, 2, 2, 2, 2, 2, 2, 2, 2, 2, 2, 2, 2, 2, 2, 2, 2, 2, 2, 2, 2, 2, 2, 2, 2, 2, 2, 2, 2, 2, 2, 2, 2, 2, 2, 2, 2, 2, 2, 2, 2, 2, 2, 2, 2, 2, 2, 2, 2, 2, 2, 2, 2, 2, 2, 2, 2, 2, 2, 2, 2, 2, 2, 2, 2, 2, 2, 2, 2, 2, 2, 2, 2, 2, 2, 2, 2, 2, 2, 2, 2, 2, 2, 2, 2, 2, 2, 2, 2, 2, 2, 2, 2, 2, 2, 2, 2, 2, 2, 2, 2, 2, 2, 2, 2, 2, 2, 2, 2, 2, 2, 2, 2, 2, 2, 2, 2, 2, 2, 2, 2, 2, 2, 2, 2, 2, 2, 2, 2, 2, 2, 2, 2, 2, 2, 2, 2, 2, 2, 2, 2, 2, 2, 2, 2, 2, 2, 2, 2, 2, 2, 2, 2, 2, 2, 2, 2, 2, 2, 2, 2, 2, 2, 2, 2, 2, 2, 2, 2, 2, 2, 2, 2, 2, 2, 2, 2, 2, 2, 2, 2, 2, 2, 2, 2, 2, 2, 2, 2, 2, 2, 2, 2, 2, 2, 2, 2, 2, 2, 2, 2, 2, 2, 2, 2, 2, 2, 2, 2, 2, 2, 2, 2, 2, 2, 2, 2, 2, 2, 2, 2, 2, 2, 2, 2, 2, 2, 2, 2, 2, 2, 2, 2, 2, 2, 2, 2, 2, 2, 2, 2, 2, 2, 2, 2, 2, 2, 2, 2, 2, 2, 2, 2, 2, 2, 2, 2, 2, 2, 2, 2, 2, 2, 2, 2, 2, 2, 2, 2, 2, 2, 2, 2, 2, 2, 2, 2, 2, 2, 2, 2, 2, 2, 2, 2, 2, 2, 2, 2, 2, 2, 2, 2, 2, 2, 2, 2, 2, 2, 2, 2, 2, 2, 2, 2, 2, 2, 2, 2, 2, 2, 2, 2, 2, 2, 2, 2, 2, 2, 2, 2, 2, 2, 2, 2, 2, 2, 2, 2, 2, 2, 2, 2, 2, 2, 2, 2, 2, 2, 2, 2, 2, 2, 2, 2, 2, 2, 2, 2, 2, 2, 2, 2, 2, 2, 2, 2, 2, 2, 2, 2, 2, 2, 2, 2, 2, 2, 2, 2, 2, 2, 2, 2, 2, 2, 2, 2, 2, 2, 2, 2, 2, 2, 2, 2, 2, 2, 2, 2, 2, 2, 2, 2, 2, 2, 2, 2, 2, 2, 2, 2, 2, 2, 2, 2, 2, 2, 2, 2, 2, 2, 2, 2, 2, 2, 2, 2, 2, 2, 2, 2, 2, 2, 2, 2, 2, 2, 2, 2, 2, 2, 2, 2, 2, 2, 2, 2, 2, 2, 2, 2, 2, 2, 2, 2, 2, 2, 2, 2, 2, 2, 2, 2, 2, 2, 2, 2, 2, 2, 2, 2, 2, 2, 2, 2, 2, 2, 2, 2, 2, 2, 2, 2, 2, 2, 2, 2, 2, 2, 2, 2, 2, 2, 2, 2, 2, 2, 2, 2, 2, 2, 2, 2, 2, 2, 2, 2, 2, 2, 2, 2, 2, 2, 2, 2, 2, 2, 2, 2, 2, 2, 2, 2, 2, 2, 2, 2, 2, 2, 2, 2, 2, 2, 2, 2, 2, 2, 2, 2, 2, 2, 2, 2, 2, 2, 2, 2, 2, 2, 2, 2, 2, 2, 2, 2, 2, 2, 2, 2, 2, 2, 2, 2, 2, 2, 2, 2, 2, 2, 2, 2, 2, 2, 2, 2, 2, 2, 2, 2, 2, 2, 2, 2, 2, 2, 2, 2, 2, 2, 2, 2, 2, 2, 2, 2, 2, 2, 2, 2, 2, 2, 2, 2, 2, 2, 2, 2, 2, 2, 2, 2, 2, 2, 2, 2, 2, 2, 2, 2, 2, 2, 2, 2, 2, 2, 2, 2, 2, 2, 2, 2, 2, 2, 2, 2, 2, 2, 2, 2, 2, 2, 2, 2, 2, 2, 2, 2, 2, 2, 2, 2, 2, 2, 2, 2, 2, 2, 2, 2, 2, 2, 2, 2, 2, 2, 2, 2, 2, 2, 2, 2, 2, 2, 2, 2, 2, 2, 2, 2, 2, 2, 2, 2, 2, 2, 2, 2, 2, 2, 2, 2, 2, 2, 2, 2, 2, 2, 2, 2, 2, 2, 2, 2, 2, 2, 2, 2, 2, 2, 2, 2, 2, 2, 2, 2, 2, 2, 2, 2, 2, 2, 2, 2, 2, 2, 2, 2, 2, 2, 2, 2, 2, 2, 2, 2, 2, 2, 2, 2, 2, 2, 2, 2, 2, 2, 2, 2, 2, 2, 2, 2, 2, 2, 2, 2, 2, 2, 2, 2, 2, 2, 2, 2, 2, 2, 2, 2, 2, 2, 2, 2, 2, 2, 2, 2, 2, 2, 2, 2, 2, 2, 2, 2, 2, 2, 2, 2, 2, 2, 2, 2, 2, 2, 2, 2, 2, 2, 2, 2, 2, 2, 2, 2, 2, 2, 2, 2, 2, 2, 2, 2, 2, 2, 2, 2, 2, 2, 2, 2, 2, 2, 2, 2, 2, 2, 2, 2, 2, 2, 2, 2, 2, 2, 2, 2, 2, 2, 2, 2, 2, 2, 2, 2, 2, 2, 2, 2, 2]	"[[0]
 [0]
 [0]
 [0]
 [0]
 [0]
 [0]
 [0]
 [0]
 [0]
 [0]
 [0]
 [0]
 [0]
 [0]
 [0]
 [0]
 [0]
 [0]
 [0]
 [0]
 [0]
 [0]
 [0]
 [0]
 [0]
 [0]
 [0]
 [0]
 [0]
 [0]
 [0]
 [0]
 [0]
 [0]
 [0]
 [0]
 [0]
 [0]
 [0]
 [0]
 [0]
 [0]
 [0]
 [0]
 [0]
 [0]
 [0]
 [0]
 [0]
 [0]
 [0]
 [0]
 [0]
 [0]
 [0]
 [0]
 [0]
 [0]
 [0]
 [0]
 [0]
 [0]
 [0]
 [0]
 [0]
 [0]
 [0]
 [0]
 [0]
 [0]
 [0]
 [0]
 [0]
 [0]
 [0]
 [0]
 [0]
 [0]
 [0]
 [0]
 [0]
 [0]
 [0]
 [0]
 [0]
 [0]
 [0]
 [0]
 [0]
 [0]
 [0]
 [0]
 [0]
 [0]
 [0]
 [0]
 [0]
 [0]
 [0]
 [0]
 [0]
 [0]
 [0]
 [0]
 [0]
 [0]
 [0]
 [0]
 [0]
 [0]
 [0]
 [0]
 [0]
 [0]
 [0]
 [0]
 [0]
 [0]
 [0]
 [0]
 [0]
 [0]
 [0]
 [0]
 [0]
 [0]
 [0]
 [0]
 [0]
 [0]
 [0]
 [0]
 [0]
 [0]
 [0]
 [0]
 [0]
 [0]
 [0]
 [0]
 [0]
 [0]
 [0]
 [0]
 [0]
 [0]
 [0]
 [0]
 [0]
 [0]
 [0]
 [0]
 [0]
 [0]
 [0]
 [0]
 [0]
 [0]
 [0]
 [1]
 [1]
 [1]
 [1]
 [1]
 [1]
 [1]
 [2]
 [2]
 [2]
 [2]
 [2]
 [2]
 [2]
 [2]
 [2]
 [2]
 [2]
 [3]
 [3]
 [3]
 [3]
 [3]
 [3]
 [3]
 [3]
 [3]
 [3]
 [3]
 [3]
 [3]
 [3]
 [3]
 [3]
 [3]
 [3]
 [3]
 [3]
 [3]
 [3]
 [3]
 [3]
 [3]
 [3]
 [3]
 [3]
 [3]
 [3]
 [3]
 [3]
 [3]
 [3]
 [3]
 [3]
 [3]
 [3]
 [3]
 [3]
 [3]
 [3]
 [3]
 [3]
 [3]
 [3]
 [3]
 [3]
 [3]
 [3]
 [3]
 [3]
 [3]
 [3]
 [3]
 [3]
 [3]
 [3]
 [3]
 [3]
 [3]
 [3]
 [3]
 [3]
 [3]
 [3]
 [3]
 [1]
 [1]
 [1]
 [2]
 [2]
 [2]
 [3]
 [3]
 [3]
 [3]
 [3]
 [3]
 [3]
 [3]
 [3]
 [3]
 [3]
 [3]
 [3]
 [3]
 [3]
 [3]
 [3]
 [3]
 [3]
 [3]
 [3]
 [3]
 [3]
 [3]
 [3]
 [3]
 [3]
 [3]
 [3]
 [3]
 [3]
 [3]
 [3]
 [3]
 [3]
 [3]
 [3]
 [3]
 [3]
 [3]
 [3]
 [3]
 [3]
 [3]
 [3]
 [3]
 [3]
 [3]
 [3]
 [3]
 [3]
 [3]
 [3]
 [3]
 [3]
 [3]
 [3]
 [3]
 [3]
 [3]
 [3]
 [3]
 [3]
 [3]
 [3]
 [3]
 [3]
 [3]
 [3]
 [3]
 [3]
 [3]
 [3]
 [4]
 [4]
 [4]
 [4]
 [4]
 [4]
 [4]
 [4]
 [4]
 [4]
 [4]
 [4]
 [4]
 [4]
 [4]
 [4]
 [4]
 [4]
 [4]
 [4]
 [4]
 [4]
 [4]
 [4]
 [4]
 [4]
 [4]
 [4]
 [4]
 [4]
 [4]
 [4]
 [4]
 [4]
 [4]
 [4]
 [4]
 [4]
 [4]
 [4]
 [4]
 [4]
 [1]
 [2]
 [2]
 [2]
 [1]
 [2]
 [2]
 [2]
 [2]
 [2]
 [2]
 [2]
 [2]
 [2]
 [2]
 [2]
 [2]
 [2]
 [2]
 [2]
 [2]
 [2]
 [2]
 [1]
 [1]
 [1]
 [1]
 [1]
 [1]
 [1]
 [1]
 [1]
 [1]
 [1]
 [2]
 [2]
 [2]
 [2]
 [1]
 [2]
 [2]
 [2]
 [2]
 [2]
 [2]
 [2]
 [2]
 [2]
 [2]
 [2]
 [2]
 [2]
 [2]
 [3]
 [3]
 [3]
 [3]
 [3]
 [3]
 [3]
 [3]
 [3]
 [3]
 [3]
 [3]
 [3]
 [3]
 [3]
 [3]
 [3]
 [3]
 [3]
 [3]
 [3]
 [3]
 [3]
 [3]
 [3]
 [3]
 [3]
 [3]
 [3]
 [3]
 [3]
 [3]
 [1]
 [1]
 [2]
 [2]
 [2]
 [2]
 [3]
 [3]
 [3]
 [3]
 [3]
 [3]
 [3]
 [3]
 [3]
 [3]
 [1]
 [2]
 [2]
 [2]
 [2]
 [2]
 [1]
 [2]
 [2]
 [2]
 [2]
 [2]
 [2]
 [3]
 [3]
 [3]
 [3]
 [3]
 [3]
 [3]
 [3]
 [3]
 [3]
 [3]
 [3]
 [3]
 [1]
 [1]
 [1]
 [2]
 [2]
 [1]
 [2]
 [2]
 [2]
 [2]
 [2]
 [2]
 [1]
 [1]
 [1]
 [2]
 [2]
 [2]
 [2]
 [2]
 [2]
 [2]
 [2]
 [2]
 [2]
 [1]
 [2]
 [2]
 [2]
 [2]
 [2]
 [2]
 [2]
 [1]
 [1]
 [1]
 [1]
 [2]
 [2]
 [2]
 [1]
 [2]
 [2]
 [2]
 [2]
 [2]
 [2]
 [2]
 [2]
 [2]
 [2]
 [1]
 [1]
 [2]
 [1]
 [2]
 [2]
 [2]
 [2]
 [2]
 [2]
 [2]
 [2]
 [2]
 [2]
 [2]
 [1]
 [1]
 [2]
 [2]
 [1]
 [2]
 [2]
 [2]
 [2]
 [2]
 [4]
 [4]
 [4]
 [4]
 [4]
 [4]
 [4]
 [4]
 [4]
 [4]
 [4]
 [4]
 [4]
 [4]
 [1]
 [0]
 [1]
 [4]
 [4]
 [4]
 [4]
 [4]
 [4]
 [4]
 [4]
 [4]
 [4]
 [4]
 [4]
 [4]
 [4]
 [4]
 [4]
 [1]
 [4]
 [4]
 [4]
 [4]
 [4]
 [4]
 [0]
 [0]
 [0]
 [0]
 [1]
 [1]
 [1]
 [1]
 [1]
 [2]
 [2]
 [2]
 [2]
 [2]
 [2]
 [2]
 [2]
 [2]
 [2]
 [2]
 [2]
 [1]
 [2]
 [2]
 [2]
 [2]
 [2]
 [2]
 [2]
 [2]
 [2]
 [2]
 [2]
 [2]
 [2]
 [2]
 [2]
 [2]
 [2]
 [2]
 [2]
 [2]
 [2]
 [2]
 [2]
 [2]
 [2]
 [2]
 [2]
 [2]
 [2]
 [2]
 [2]
 [2]
 [2]
 [2]
 [2]
 [2]
 [3]
 [3]
 [3]
 [3]
 [3]
 [3]
 [3]
 [3]
 [3]
 [3]
 [3]
 [3]
 [3]
 [3]
 [3]
 [3]
 [3]
 [3]
 [3]
 [3]
 [3]
 [3]
 [0]
 [1]
 [1]
 [1]
 [2]
 [2]
 [2]
 [2]
 [2]
 [2]
 [2]
 [2]
 [1]
 [2]
 [2]
 [2]
 [1]
 [2]
 [2]
 [2]
 [2]
 [2]
 [2]
 [1]
 [0]
 [1]
 [2]
 [2]
 [2]
 [2]
 [2]
 [1]
 [1]
 [2]
 [2]
 [1]
 [2]
 [2]
 [2]
 [2]
 [2]
 [2]
 [2]
 [2]
 [2]
 [2]
 [2]
 [2]
 [2]
 [2]
 [2]
 [2]
 [2]
 [2]
 [2]
 [2]
 [2]
 [2]
 [2]
 [2]
 [1]
 [2]
 [2]
 [2]
 [1]
 [1]
 [1]
 [1]
 [2]
 [2]
 [2]
 [2]
 [2]
 [1]
 [1]
 [1]
 [1]
 [1]
 [1]
 [1]
 [1]
 [4]
 [4]
 [4]
 [4]
 [4]
 [4]
 [4]
 [4]
 [4]
 [4]
 [4]
 [4]
 [4]
 [4]
 [1]
 [0]
 [0]
 [4]
 [4]
 [4]
 [4]
 [4]
 [4]
 [4]
 [4]
 [4]
 [4]
 [4]
 [4]
 [4]
 [4]
 [4]
 [4]
 [4]
 [4]
 [4]
 [4]
 [4]
 [4]
 [4]
 [4]
 [4]
 [4]
 [4]
 [4]
 [4]
 [4]
 [4]
 [4]
 [4]
 [4]
 [4]
 [4]
 [4]
 [4]
 [4]
 [4]
 [4]
 [4]
 [4]
 [4]
 [4]
 [4]
 [4]
 [4]
 [4]
 [4]
 [4]
 [4]
 [4]
 [4]
 [4]
 [4]
 [4]
 [4]
 [4]
 [1]
 [0]
 [0]
 [0]
 [0]
 [0]
 [0]
 [0]
 [0]
 [0]
 [0]
 [0]
 [1]
 [1]
 [1]
 [1]
 [1]
 [1]
 [1]
 [1]
 [1]
 [1]
 [1]
 [2]
 [2]
 [2]
 [2]
 [2]
 [2]
 [2]
 [2]
 [2]
 [2]
 [2]
 [2]
 [2]
 [2]
 [2]
 [2]
 [2]
 [2]
 [2]
 [2]
 [2]
 [2]
 [2]
 [2]
 [2]
 [2]
 [2]
 [2]
 [2]
 [2]
 [2]
 [2]
 [2]
 [2]
 [2]
 [2]
 [2]
 [2]
 [2]
 [2]
 [2]
 [2]
 [2]
 [2]
 [2]
 [2]
 [2]
 [2]
 [2]
 [1]
 [2]
 [1]
 [0]
 [0]
 [0]]"
sub-245	0.27529923830250275	0.08634812286689421	[0.         0.         0.         0.43174061 0.        ]	[3, 3, 3, 3, 3, 3, 3, 3, 3, 3, 3, 3, 3, 3, 3, 3, 3, 3, 3, 3, 3, 3, 3, 3, 3, 3, 3, 3, 3, 3, 3, 3, 3, 3, 3, 3, 3, 3, 3, 3, 3, 3, 3, 3, 3, 3, 3, 3, 3, 3, 3, 3, 3, 3, 3, 3, 3, 3, 3, 3, 3, 3, 3, 3, 3, 3, 3, 3, 3, 3, 3, 3, 3, 3, 3, 3, 3, 3, 3, 3, 3, 3, 3, 3, 3, 3, 3, 3, 3, 3, 3, 3, 3, 3, 3, 3, 3, 3, 3, 3, 3, 3, 3, 3, 3, 3, 3, 3, 3, 3, 3, 3, 3, 3, 3, 3, 3, 3, 3, 3, 3, 3, 3, 3, 3, 3, 3, 3, 3, 3, 3, 3, 3, 3, 3, 3, 3, 3, 3, 3, 3, 3, 3, 3, 3, 3, 3, 3, 3, 3, 3, 3, 3, 3, 3, 3, 3, 3, 3, 3, 3, 3, 3, 3, 3, 3, 3, 3, 3, 3, 3, 3, 3, 3, 3, 3, 3, 3, 3, 3, 3, 3, 3, 3, 3, 3, 3, 3, 3, 3, 3, 3, 3, 3, 3, 3, 3, 3, 3, 3, 3, 3, 3, 3, 3, 3, 3, 3, 3, 3, 3, 3, 3, 3, 3, 3, 3, 3, 3, 3, 3, 3, 3, 3, 3, 3, 3, 3, 3, 3, 3, 3, 3, 3, 3, 3, 3, 3, 3, 3, 3, 3, 3, 3, 3, 3, 3, 3, 3, 3, 3, 3, 3, 3, 3, 3, 3, 3, 3, 3, 3, 3, 3, 3, 3, 3, 3, 3, 3, 3, 3, 3, 3, 3, 3, 3, 3, 3, 3, 3, 3, 3, 3, 3, 3, 3, 3, 3, 3, 3, 3, 3, 3, 3, 3, 3, 3, 3, 3, 3, 3, 3, 3, 3, 3, 3, 3, 3, 3, 3, 3, 3, 3, 3, 3, 3, 3, 3, 3, 3, 3, 3, 3, 3, 3, 3, 3, 3, 3, 3, 3, 3, 3, 3, 3, 3, 3, 3, 3, 3, 3, 3, 3, 3, 3, 3, 3, 3, 3, 3, 3, 3, 3, 3, 3, 3, 3, 3, 3, 3, 3, 3, 3, 3, 3, 3, 3, 3, 3, 3, 3, 3, 3, 3, 3, 3, 3, 3, 3, 3, 3, 3, 3, 3, 3, 3, 3, 3, 3, 3, 3, 3, 3, 3, 3, 3, 3, 3, 3, 3, 3, 3, 3, 3, 3, 3, 3, 3, 3, 3, 3, 3, 3, 3, 3, 3, 3, 3, 3, 3, 3, 3, 3, 3, 3, 3, 3, 3, 3, 3, 3, 3, 3, 3, 3, 3, 3, 3, 3, 3, 3, 3, 3, 3, 3, 3, 3, 3, 3, 3, 3, 3, 3, 3, 3, 3, 3, 3, 3, 3, 3, 3, 3, 3, 3, 3, 3, 3, 3, 3, 3, 3, 3, 3, 3, 3, 3, 3, 3, 3, 3, 3, 3, 3, 3, 3, 3, 3, 3, 3, 3, 3, 3, 3, 3, 3, 3, 3, 3, 3, 3, 3, 3, 3, 3, 3, 3, 3, 3, 3, 3, 3, 3, 3, 3, 3, 3, 3, 3, 3, 3, 3, 3, 3, 3, 3, 3, 3, 3, 3, 3, 3, 3, 3, 3, 3, 3, 3, 3, 3, 3, 3, 3, 3, 3, 3, 3, 3, 3, 3, 3, 3, 3, 3, 3, 3, 3, 3, 3, 3, 3, 3, 3, 3, 3, 3, 3, 3, 3, 3, 3, 3, 3, 3, 3, 3, 3, 3, 3, 3, 3, 3, 3, 3, 3, 3, 3, 3, 3, 3, 3, 3, 3, 3, 3, 3, 3, 3, 3, 3, 3, 3, 3, 3, 3, 3, 3, 3, 3, 3, 3, 3, 3, 3, 3, 3, 3, 3, 3, 3, 3, 3, 3, 3, 3, 3, 3, 3, 3, 3, 3, 3, 3, 3, 3, 3, 3, 3, 3, 3, 3, 3, 3, 3, 3, 3, 3, 3, 3, 3, 3, 3, 3, 3, 3, 3, 3, 3, 3, 3, 3, 3, 3, 3, 3, 3, 3, 3, 3, 3, 3, 3, 3, 3, 3, 3, 3, 3, 3, 3, 3, 3, 3, 3, 3, 3, 3, 3, 3, 3, 3, 3, 3, 3, 3, 3, 3, 3, 3, 3, 3, 3, 3, 3, 3, 3, 3, 3, 3, 3, 3, 3, 3, 3, 3, 3, 3, 3, 3, 3, 3, 3, 3, 3, 3, 3, 3, 3, 3, 3, 3, 3, 3, 3, 3, 3, 3, 3, 3, 3, 3, 3, 3, 3, 3, 3, 3, 3, 3, 3, 3, 3, 3, 3, 3, 3, 3, 3, 3, 3, 3, 3, 3, 3, 3, 3, 3, 3, 3, 3, 3, 3, 3, 3, 3, 3, 3, 3, 3, 3, 3, 3, 3, 3, 3, 3, 3, 3, 3, 3, 3, 3, 3, 3, 3, 3, 3, 3, 3, 3, 3, 3, 3, 3, 3, 3, 3, 3, 3, 3, 3, 3, 3, 3, 3, 3, 3, 3, 3, 3, 3, 3, 3, 3, 3, 3, 3, 3, 3, 3, 3, 3, 3, 3, 3, 3, 3, 3, 3, 3, 3, 3, 3, 3, 3, 3, 3, 3, 3, 3, 3, 3, 3, 3, 3, 3, 3, 3, 3, 3, 3, 3, 3, 3, 3, 3, 3, 3, 3, 3, 3, 3, 3, 3, 3, 3, 3, 3, 3, 3, 3, 3, 3, 3, 3, 3, 3, 3, 3, 3, 3, 3, 3, 3, 3, 3, 3, 3, 3, 3, 3, 3, 3, 3, 3, 3, 3, 3, 3, 3, 3, 3, 3, 3, 3, 3, 3, 3, 3]	"[[0]
 [0]
 [0]
 [0]
 [0]
 [0]
 [0]
 [0]
 [0]
 [0]
 [0]
 [0]
 [0]
 [0]
 [0]
 [0]
 [0]
 [0]
 [0]
 [0]
 [0]
 [0]
 [0]
 [0]
 [0]
 [0]
 [0]
 [0]
 [0]
 [0]
 [0]
 [0]
 [1]
 [1]
 [1]
 [1]
 [1]
 [1]
 [1]
 [1]
 [1]
 [1]
 [1]
 [2]
 [2]
 [2]
 [2]
 [2]
 [2]
 [2]
 [2]
 [2]
 [2]
 [2]
 [2]
 [2]
 [2]
 [2]
 [2]
 [2]
 [3]
 [3]
 [3]
 [3]
 [3]
 [3]
 [3]
 [3]
 [3]
 [3]
 [3]
 [3]
 [3]
 [3]
 [3]
 [3]
 [3]
 [3]
 [3]
 [3]
 [3]
 [3]
 [3]
 [3]
 [3]
 [3]
 [3]
 [3]
 [3]
 [3]
 [3]
 [3]
 [3]
 [3]
 [3]
 [3]
 [3]
 [3]
 [3]
 [3]
 [3]
 [3]
 [3]
 [3]
 [3]
 [3]
 [3]
 [3]
 [3]
 [3]
 [3]
 [3]
 [3]
 [3]
 [3]
 [3]
 [3]
 [3]
 [3]
 [3]
 [3]
 [3]
 [3]
 [3]
 [3]
 [3]
 [3]
 [3]
 [3]
 [3]
 [3]
 [3]
 [3]
 [3]
 [3]
 [3]
 [3]
 [3]
 [3]
 [3]
 [3]
 [3]
 [3]
 [3]
 [3]
 [3]
 [3]
 [3]
 [3]
 [3]
 [0]
 [2]
 [2]
 [2]
 [2]
 [2]
 [2]
 [2]
 [2]
 [2]
 [2]
 [2]
 [2]
 [2]
 [2]
 [2]
 [2]
 [2]
 [2]
 [2]
 [2]
 [2]
 [2]
 [4]
 [4]
 [4]
 [4]
 [2]
 [2]
 [2]
 [2]
 [2]
 [2]
 [2]
 [2]
 [2]
 [0]
 [2]
 [2]
 [2]
 [2]
 [2]
 [2]
 [2]
 [2]
 [2]
 [2]
 [2]
 [2]
 [2]
 [2]
 [2]
 [3]
 [3]
 [3]
 [3]
 [3]
 [3]
 [3]
 [3]
 [3]
 [3]
 [3]
 [3]
 [3]
 [3]
 [3]
 [3]
 [3]
 [3]
 [3]
 [3]
 [3]
 [3]
 [3]
 [3]
 [3]
 [3]
 [3]
 [3]
 [3]
 [3]
 [3]
 [3]
 [3]
 [3]
 [3]
 [3]
 [3]
 [3]
 [3]
 [3]
 [3]
 [3]
 [3]
 [3]
 [3]
 [3]
 [3]
 [3]
 [3]
 [3]
 [3]
 [3]
 [3]
 [3]
 [3]
 [3]
 [3]
 [3]
 [3]
 [3]
 [3]
 [3]
 [3]
 [3]
 [3]
 [3]
 [3]
 [3]
 [3]
 [3]
 [3]
 [2]
 [4]
 [4]
 [4]
 [4]
 [4]
 [4]
 [4]
 [4]
 [4]
 [4]
 [4]
 [4]
 [4]
 [4]
 [4]
 [4]
 [4]
 [4]
 [4]
 [4]
 [2]
 [2]
 [2]
 [2]
 [2]
 [2]
 [2]
 [2]
 [2]
 [2]
 [2]
 [2]
 [2]
 [1]
 [1]
 [1]
 [2]
 [2]
 [2]
 [1]
 [1]
 [0]
 [2]
 [2]
 [2]
 [2]
 [2]
 [2]
 [2]
 [2]
 [2]
 [2]
 [2]
 [2]
 [2]
 [2]
 [2]
 [2]
 [2]
 [2]
 [2]
 [2]
 [2]
 [2]
 [2]
 [2]
 [2]
 [2]
 [3]
 [3]
 [3]
 [3]
 [3]
 [3]
 [3]
 [3]
 [3]
 [3]
 [3]
 [3]
 [3]
 [3]
 [3]
 [3]
 [3]
 [3]
 [3]
 [3]
 [3]
 [3]
 [3]
 [3]
 [3]
 [3]
 [3]
 [3]
 [3]
 [3]
 [3]
 [3]
 [3]
 [3]
 [3]
 [3]
 [3]
 [3]
 [3]
 [3]
 [3]
 [3]
 [3]
 [3]
 [3]
 [3]
 [3]
 [3]
 [3]
 [3]
 [3]
 [3]
 [3]
 [3]
 [3]
 [3]
 [3]
 [2]
 [2]
 [2]
 [2]
 [4]
 [4]
 [4]
 [4]
 [4]
 [4]
 [4]
 [4]
 [4]
 [4]
 [4]
 [4]
 [4]
 [4]
 [4]
 [4]
 [4]
 [4]
 [4]
 [4]
 [4]
 [4]
 [4]
 [4]
 [4]
 [4]
 [4]
 [4]
 [4]
 [4]
 [4]
 [4]
 [4]
 [4]
 [4]
 [4]
 [4]
 [4]
 [4]
 [4]
 [4]
 [4]
 [4]
 [4]
 [4]
 [2]
 [2]
 [2]
 [2]
 [2]
 [2]
 [2]
 [2]
 [2]
 [2]
 [2]
 [2]
 [2]
 [2]
 [2]
 [2]
 [2]
 [2]
 [2]
 [2]
 [2]
 [2]
 [2]
 [0]
 [1]
 [2]
 [2]
 [2]
 [2]
 [2]
 [2]
 [2]
 [2]
 [2]
 [2]
 [2]
 [2]
 [2]
 [2]
 [2]
 [2]
 [2]
 [2]
 [2]
 [2]
 [2]
 [2]
 [2]
 [2]
 [2]
 [2]
 [2]
 [2]
 [2]
 [2]
 [2]
 [2]
 [2]
 [2]
 [2]
 [2]
 [2]
 [2]
 [2]
 [2]
 [2]
 [2]
 [2]
 [2]
 [2]
 [2]
 [2]
 [2]
 [2]
 [2]
 [2]
 [2]
 [2]
 [2]
 [2]
 [2]
 [2]
 [2]
 [2]
 [3]
 [3]
 [3]
 [3]
 [3]
 [3]
 [3]
 [3]
 [3]
 [3]
 [0]
 [1]
 [2]
 [2]
 [2]
 [2]
 [2]
 [2]
 [2]
 [2]
 [2]
 [2]
 [2]
 [2]
 [2]
 [2]
 [2]
 [2]
 [2]
 [2]
 [2]
 [2]
 [2]
 [2]
 [2]
 [2]
 [2]
 [2]
 [2]
 [2]
 [2]
 [2]
 [2]
 [2]
 [2]
 [0]
 [0]
 [1]
 [1]
 [1]
 [2]
 [2]
 [2]
 [2]
 [2]
 [2]
 [2]
 [2]
 [2]
 [2]
 [0]
 [1]
 [1]
 [2]
 [2]
 [2]
 [2]
 [2]
 [2]
 [2]
 [2]
 [2]
 [2]
 [2]
 [2]
 [2]
 [2]
 [2]
 [2]
 [4]
 [4]
 [4]
 [4]
 [4]
 [4]
 [4]
 [4]
 [4]
 [4]
 [4]
 [4]
 [4]
 [4]
 [4]
 [4]
 [4]
 [4]
 [4]
 [4]
 [4]
 [4]
 [4]
 [4]
 [4]
 [4]
 [4]
 [4]
 [4]
 [4]
 [4]
 [4]
 [4]
 [4]
 [4]
 [4]
 [4]
 [4]
 [4]
 [4]
 [4]
 [4]
 [4]
 [4]
 [4]
 [4]
 [4]
 [4]
 [4]
 [4]
 [4]
 [4]
 [4]
 [4]
 [4]
 [4]
 [4]
 [4]
 [4]
 [4]
 [4]
 [4]
 [4]
 [4]
 [4]
 [4]
 [4]
 [4]
 [4]
 [4]
 [2]
 [2]
 [2]
 [2]
 [2]
 [2]
 [2]
 [2]
 [2]
 [2]
 [2]
 [2]
 [2]
 [2]
 [2]
 [2]
 [2]
 [2]
 [2]
 [2]
 [2]
 [2]
 [2]
 [2]
 [2]
 [2]
 [2]
 [2]
 [2]
 [2]
 [2]
 [2]
 [2]
 [2]
 [0]
 [1]
 [2]
 [2]
 [2]
 [2]
 [0]
 [0]
 [0]
 [0]
 [0]
 [0]
 [0]
 [0]
 [0]
 [0]
 [0]
 [0]
 [0]
 [1]
 [1]
 [1]
 [1]
 [2]
 [2]
 [2]
 [2]
 [2]
 [2]
 [2]
 [2]
 [2]
 [2]
 [2]
 [2]
 [2]
 [1]
 [2]
 [2]
 [2]
 [2]
 [2]
 [2]
 [2]
 [2]
 [2]
 [2]
 [2]
 [2]
 [2]
 [2]
 [2]
 [2]
 [3]
 [3]
 [3]
 [3]
 [3]
 [3]
 [2]
 [2]
 [2]
 [2]
 [2]
 [2]
 [2]
 [2]
 [2]
 [3]
 [3]
 [3]
 [3]
 [3]
 [3]
 [3]
 [3]
 [3]
 [3]
 [3]
 [3]
 [3]
 [3]
 [3]
 [3]
 [3]
 [3]
 [3]
 [2]
 [2]
 [2]
 [2]
 [0]
 [0]
 [1]
 [2]
 [2]
 [2]
 [2]
 [2]
 [2]
 [2]
 [2]
 [2]
 [2]
 [2]
 [2]
 [2]
 [2]
 [4]
 [4]
 [4]
 [4]
 [4]
 [4]
 [4]
 [4]
 [4]
 [4]
 [4]
 [4]
 [4]
 [4]
 [4]
 [4]
 [4]
 [4]
 [4]
 [4]
 [4]
 [4]
 [4]
 [4]
 [4]
 [4]
 [4]
 [4]
 [4]
 [4]
 [4]
 [4]
 [4]
 [4]
 [4]
 [4]
 [4]
 [4]
 [4]
 [4]
 [4]
 [4]
 [4]
 [4]
 [4]
 [4]
 [4]
 [4]
 [4]
 [4]
 [4]
 [4]
 [4]
 [4]
 [4]
 [4]
 [4]
 [4]
 [4]
 [4]
 [4]
 [4]
 [4]
 [4]
 [4]
 [4]
 [4]
 [4]
 [4]
 [4]
 [4]
 [4]
 [4]
 [4]
 [4]
 [4]
 [4]
 [4]
 [4]
 [4]
 [4]
 [0]
 [0]
 [0]
 [0]
 [1]
 [1]
 [1]
 [1]
 [2]
 [2]
 [2]
 [2]
 [2]
 [0]
 [0]]"
sub-246	0.2222222222222222	0.07272727272727272	[0.         0.         0.         0.         0.36363636]	[4, 4, 4, 4, 4, 4, 4, 4, 4, 4, 4, 4, 4, 4, 4, 4, 4, 4, 4, 4, 4, 4, 4, 4, 4, 4, 4, 4, 4, 4, 4, 4, 4, 4, 4, 4, 4, 4, 4, 4, 4, 4, 4, 4, 4, 4, 4, 4, 4, 4, 4, 4, 4, 4, 4, 4, 4, 4, 4, 4, 4, 4, 4, 4, 4, 4, 4, 4, 4, 4, 4, 4, 4, 4, 4, 4, 4, 4, 4, 4, 4, 4, 4, 4, 4, 4, 4, 4, 4, 4, 4, 4, 4, 4, 4, 4, 4, 4, 4, 4, 4, 4, 4, 4, 4, 4, 4, 4, 4, 4, 4, 4, 4, 4, 4, 4, 4, 4, 4, 4, 4, 4, 4, 4, 4, 4, 4, 4, 4, 4, 4, 4, 4, 4, 4, 4, 4, 4, 4, 4, 4, 4, 4, 4, 4, 4, 4, 4, 4, 4, 4, 4, 4, 4, 4, 4, 4, 4, 4, 4, 4, 4, 4, 4, 4, 4, 4, 4, 4, 4, 4, 4, 4, 4, 4, 4, 4, 4, 4, 4, 4, 4, 4, 4, 4, 4, 4, 4, 4, 4, 4, 4, 4, 4, 4, 4, 4, 4, 4, 4, 4, 4, 4, 4, 4, 4, 4, 4, 4, 4, 4, 4, 4, 4, 4, 4, 4, 4, 4, 4, 4, 4, 4, 4, 4, 4, 4, 4, 4, 4, 4, 4, 4, 4, 4, 4, 4, 4, 4, 4, 4, 4, 4, 4, 4, 4, 4, 4, 4, 4, 4, 4, 4, 4, 4, 4, 4, 4, 4, 4, 4, 4, 4, 4, 4, 4, 4, 4, 4, 4, 4, 4, 4, 4, 4, 4, 4, 4, 4, 4, 4, 4, 4, 4, 4, 4, 4, 4, 4, 4, 4, 4, 4, 4, 4, 4, 4, 4, 4, 4, 4, 4, 4, 4, 4, 4, 4, 4, 4, 4, 4, 4, 4, 4, 4, 4, 4, 4, 4, 4, 4, 4, 4, 4, 4, 4, 4, 4, 4, 4, 4, 4, 4, 4, 4, 4, 4, 4, 4, 4, 4, 4, 4, 4, 4, 4, 4, 4, 4, 4, 4, 4, 4, 4, 4, 4, 4, 4, 4, 4, 4, 4, 4, 4, 4, 4, 4, 4, 4, 4, 4, 4, 4, 4, 4, 4, 4, 4, 4, 4, 4, 4, 4, 4, 4, 4, 4, 4, 4, 4, 4, 4, 4, 4, 4, 4, 4, 4, 4, 4, 4, 4, 4, 4, 4, 4, 4, 4, 4, 4, 4, 4, 4, 4, 4, 4, 4, 4, 4, 4, 4, 4, 4, 4, 4, 4, 4, 4, 4, 4, 4, 4, 4, 4, 4, 4, 4, 4, 4, 4, 4, 4, 4, 4, 4, 4, 4, 4, 4, 4, 4, 4, 4, 4, 4, 4, 4, 4, 4, 4, 4, 4, 4, 4, 4, 4, 4, 4, 4, 4, 4, 4, 4, 4, 4, 4, 4, 4, 4, 4, 4, 4, 4, 4, 4, 4, 4, 4, 4, 4, 4, 4, 4, 4, 4, 4, 4, 4, 4, 4, 4, 4, 4, 4, 4, 4, 4, 4, 4, 4, 4, 4, 4, 4, 4, 4, 4, 4, 4, 4, 4, 4, 4, 4, 4, 4, 4, 4, 4, 4, 4, 4, 4, 4, 4, 4, 4, 4, 4, 4, 4, 4, 4, 4, 4, 4, 4, 4, 4, 4, 4, 4, 4, 4, 4, 4, 4, 4, 4, 4, 4, 4, 4, 4, 4, 4, 4, 4, 4, 4, 4, 4, 4, 4, 4, 4, 4, 4, 4, 4, 4, 4, 4, 4, 4, 4, 4, 4, 4, 4, 4, 4, 4, 4, 4, 4, 4, 4, 4, 4, 4, 4, 4, 4, 4, 4, 4, 4, 4, 4, 4, 4, 4, 4, 4, 4, 4, 4, 4, 4, 4, 4, 4, 4, 4, 4, 4, 4, 4, 4, 4, 4, 4, 4, 4, 4, 4, 4, 4, 4, 4, 4, 4, 4, 4, 4, 4, 4, 4, 4, 4, 4, 4, 4, 4, 4, 4, 4, 4, 4, 4, 4, 4, 4, 4, 4, 4, 4, 4, 4, 4, 4, 4, 4, 4, 4, 4, 4, 4, 4, 4, 4, 4, 4, 4, 4, 4, 4, 4, 4, 4, 4, 4, 4, 4, 4, 4, 4, 4, 4, 4, 4, 4, 4, 4, 4, 4, 4, 4, 4, 4, 4, 4, 4, 4, 4, 4, 4, 4, 4, 4, 4, 4, 4, 4, 4, 4, 4, 4, 4, 4, 4, 4, 4, 4, 4, 4, 4, 4, 4, 4, 4, 4, 4, 4, 4, 4, 4, 4, 4, 4, 4, 4, 4, 4, 4, 4, 4, 4, 4, 4, 4, 4, 4, 4, 4, 4, 4, 4, 4, 4, 4, 4, 4, 4, 4, 4, 4, 4, 4, 4, 4, 4, 4, 4, 4, 4, 4, 4, 4, 4, 4, 4, 4, 4, 4, 4, 4, 4, 4, 4, 4, 4, 4, 4, 4, 4, 4, 4, 4, 4, 4, 4, 4, 4, 4, 4, 4, 4, 4, 4, 4, 4, 4, 4, 4, 4, 4, 4, 4, 4, 4, 4, 4, 4, 4, 4, 4, 4, 4, 4, 4, 4, 4, 4, 4, 4, 4, 4, 4, 4, 4, 4, 4, 4, 4, 4, 4, 4, 4, 4, 4, 4, 4, 4, 4, 4, 4, 4, 4, 4, 4, 4, 4, 4, 4, 4, 4, 4, 4, 4, 4, 4, 4, 4, 4, 4, 4, 4, 4, 4, 4, 4, 4, 4, 4, 4, 4, 4, 4, 4, 4, 4, 4, 4, 4, 4, 4, 4, 4, 4, 4, 4, 4, 4, 4, 4, 4, 4, 4, 4, 4, 4, 4, 4, 4, 4, 4, 4, 4, 4, 4, 4, 4, 4, 4, 4, 4, 4, 4, 4, 4, 4, 4, 4, 4, 4, 4, 4, 4, 4, 4, 4, 4, 4, 4, 4, 4, 4, 4, 4, 4, 4, 4, 4, 4, 4, 4, 4, 4, 4, 4]	"[[0]
 [0]
 [0]
 [0]
 [0]
 [0]
 [0]
 [0]
 [0]
 [0]
 [0]
 [0]
 [0]
 [0]
 [0]
 [0]
 [0]
 [0]
 [0]
 [0]
 [0]
 [0]
 [0]
 [0]
 [0]
 [0]
 [0]
 [0]
 [0]
 [0]
 [0]
 [0]
 [0]
 [0]
 [0]
 [0]
 [1]
 [1]
 [1]
 [1]
 [1]
 [1]
 [1]
 [1]
 [1]
 [1]
 [1]
 [1]
 [2]
 [2]
 [2]
 [2]
 [2]
 [2]
 [2]
 [2]
 [2]
 [2]
 [2]
 [2]
 [1]
 [2]
 [2]
 [2]
 [2]
 [2]
 [2]
 [3]
 [3]
 [3]
 [3]
 [3]
 [3]
 [3]
 [3]
 [3]
 [3]
 [3]
 [3]
 [3]
 [3]
 [3]
 [3]
 [3]
 [3]
 [3]
 [3]
 [3]
 [3]
 [3]
 [3]
 [3]
 [3]
 [3]
 [3]
 [3]
 [3]
 [3]
 [3]
 [3]
 [3]
 [3]
 [3]
 [3]
 [3]
 [3]
 [3]
 [3]
 [3]
 [3]
 [3]
 [3]
 [3]
 [3]
 [3]
 [3]
 [3]
 [3]
 [3]
 [3]
 [3]
 [3]
 [3]
 [3]
 [3]
 [3]
 [3]
 [3]
 [3]
 [3]
 [3]
 [3]
 [3]
 [3]
 [3]
 [3]
 [3]
 [3]
 [3]
 [3]
 [3]
 [3]
 [3]
 [3]
 [3]
 [3]
 [3]
 [3]
 [3]
 [1]
 [1]
 [1]
 [1]
 [1]
 [1]
 [1]
 [1]
 [1]
 [1]
 [1]
 [1]
 [2]
 [2]
 [2]
 [2]
 [1]
 [0]
 [0]
 [0]
 [0]
 [0]
 [0]
 [0]
 [0]
 [1]
 [1]
 [2]
 [2]
 [2]
 [2]
 [2]
 [2]
 [2]
 [2]
 [2]
 [2]
 [0]
 [0]
 [0]
 [0]
 [0]
 [0]
 [0]
 [0]
 [0]
 [0]
 [0]
 [0]
 [2]
 [2]
 [2]
 [2]
 [2]
 [2]
 [2]
 [2]
 [2]
 [2]
 [2]
 [2]
 [2]
 [2]
 [2]
 [2]
 [2]
 [2]
 [2]
 [2]
 [2]
 [2]
 [2]
 [2]
 [2]
 [2]
 [3]
 [3]
 [3]
 [3]
 [3]
 [3]
 [3]
 [3]
 [3]
 [3]
 [3]
 [3]
 [3]
 [3]
 [3]
 [3]
 [3]
 [3]
 [3]
 [3]
 [3]
 [3]
 [3]
 [3]
 [3]
 [3]
 [3]
 [3]
 [3]
 [3]
 [3]
 [3]
 [3]
 [3]
 [3]
 [3]
 [3]
 [3]
 [3]
 [3]
 [3]
 [3]
 [3]
 [3]
 [3]
 [3]
 [3]
 [3]
 [3]
 [3]
 [3]
 [3]
 [3]
 [3]
 [3]
 [3]
 [3]
 [3]
 [3]
 [0]
 [0]
 [2]
 [2]
 [2]
 [2]
 [2]
 [2]
 [2]
 [2]
 [2]
 [4]
 [4]
 [4]
 [4]
 [4]
 [4]
 [4]
 [4]
 [4]
 [4]
 [4]
 [4]
 [4]
 [4]
 [4]
 [4]
 [4]
 [4]
 [4]
 [4]
 [4]
 [4]
 [4]
 [4]
 [4]
 [4]
 [4]
 [4]
 [4]
 [4]
 [4]
 [4]
 [4]
 [4]
 [4]
 [1]
 [4]
 [4]
 [4]
 [4]
 [4]
 [4]
 [4]
 [4]
 [4]
 [4]
 [4]
 [4]
 [4]
 [4]
 [4]
 [4]
 [4]
 [4]
 [4]
 [4]
 [1]
 [4]
 [4]
 [4]
 [4]
 [4]
 [1]
 [4]
 [4]
 [4]
 [4]
 [4]
 [4]
 [4]
 [4]
 [4]
 [4]
 [4]
 [4]
 [4]
 [4]
 [2]
 [2]
 [2]
 [1]
 [2]
 [2]
 [2]
 [2]
 [2]
 [2]
 [2]
 [2]
 [2]
 [2]
 [2]
 [2]
 [2]
 [2]
 [2]
 [2]
 [2]
 [2]
 [2]
 [2]
 [2]
 [2]
 [2]
 [2]
 [2]
 [2]
 [2]
 [2]
 [2]
 [2]
 [2]
 [2]
 [2]
 [2]
 [2]
 [2]
 [2]
 [3]
 [3]
 [3]
 [3]
 [0]
 [0]
 [0]
 [0]
 [0]
 [1]
 [1]
 [1]
 [1]
 [1]
 [1]
 [0]
 [0]
 [0]
 [0]
 [0]
 [1]
 [1]
 [1]
 [1]
 [1]
 [1]
 [1]
 [2]
 [2]
 [2]
 [2]
 [2]
 [2]
 [0]
 [0]
 [0]
 [0]
 [0]
 [0]
 [0]
 [0]
 [0]
 [0]
 [0]
 [0]
 [0]
 [0]
 [0]
 [0]
 [0]
 [0]
 [0]
 [0]
 [0]
 [0]
 [0]
 [1]
 [1]
 [1]
 [2]
 [2]
 [2]
 [2]
 [2]
 [2]
 [2]
 [0]
 [0]
 [0]
 [0]
 [0]
 [0]
 [0]
 [0]
 [0]
 [0]
 [0]
 [0]
 [0]
 [0]
 [1]
 [1]
 [2]
 [2]
 [2]
 [2]
 [2]
 [2]
 [0]
 [0]
 [0]
 [0]
 [0]
 [0]
 [0]
 [0]
 [0]
 [1]
 [1]
 [2]
 [2]
 [2]
 [2]
 [2]
 [2]
 [2]
 [2]
 [2]
 [2]
 [2]
 [2]
 [2]
 [1]
 [2]
 [2]
 [2]
 [2]
 [2]
 [2]
 [2]
 [0]
 [2]
 [2]
 [2]
 [2]
 [2]
 [2]
 [2]
 [2]
 [2]
 [2]
 [2]
 [2]
 [2]
 [2]
 [2]
 [2]
 [2]
 [2]
 [2]
 [2]
 [2]
 [2]
 [2]
 [2]
 [2]
 [2]
 [2]
 [3]
 [3]
 [3]
 [3]
 [3]
 [3]
 [3]
 [3]
 [3]
 [3]
 [3]
 [3]
 [3]
 [3]
 [3]
 [3]
 [3]
 [3]
 [3]
 [3]
 [3]
 [3]
 [3]
 [3]
 [3]
 [3]
 [3]
 [3]
 [3]
 [3]
 [3]
 [3]
 [3]
 [3]
 [3]
 [3]
 [3]
 [3]
 [3]
 [3]
 [3]
 [3]
 [3]
 [3]
 [3]
 [3]
 [3]
 [3]
 [0]
 [0]
 [0]
 [0]
 [0]
 [0]
 [0]
 [2]
 [2]
 [2]
 [2]
 [2]
 [2]
 [4]
 [4]
 [4]
 [4]
 [4]
 [4]
 [4]
 [4]
 [4]
 [4]
 [4]
 [4]
 [4]
 [4]
 [4]
 [4]
 [4]
 [4]
 [1]
 [1]
 [4]
 [4]
 [4]
 [4]
 [4]
 [4]
 [4]
 [4]
 [4]
 [4]
 [4]
 [4]
 [4]
 [4]
 [4]
 [4]
 [4]
 [4]
 [4]
 [4]
 [4]
 [4]
 [4]
 [4]
 [0]
 [0]
 [1]
 [1]
 [1]
 [1]
 [1]
 [1]
 [2]
 [2]
 [2]
 [2]
 [2]
 [2]
 [0]
 [0]
 [1]
 [2]
 [2]
 [2]
 [2]
 [2]
 [2]
 [2]
 [2]
 [2]
 [2]
 [2]
 [2]
 [2]
 [2]
 [2]
 [1]
 [2]
 [2]
 [2]
 [2]
 [2]
 [2]
 [1]
 [1]
 [1]
 [1]
 [2]
 [2]
 [2]
 [0]
 [0]
 [0]
 [1]
 [1]
 [1]
 [1]
 [1]
 [2]
 [2]
 [2]
 [2]
 [2]
 [2]
 [2]
 [2]
 [2]
 [2]
 [2]
 [2]
 [2]
 [2]
 [0]
 [0]
 [0]
 [1]
 [1]
 [2]
 [2]
 [2]
 [2]
 [2]
 [2]
 [2]
 [2]
 [2]
 [2]
 [2]
 [2]
 [2]
 [2]
 [2]
 [2]
 [2]
 [2]
 [2]
 [2]
 [2]
 [0]
 [0]
 [0]
 [0]
 [0]
 [1]
 [1]
 [1]
 [1]
 [2]
 [2]
 [2]
 [4]
 [4]
 [4]
 [4]
 [4]
 [4]
 [4]
 [4]
 [4]
 [4]
 [4]
 [4]
 [4]
 [4]
 [4]
 [4]
 [4]
 [4]
 [4]
 [4]
 [4]
 [4]
 [4]
 [4]
 [4]
 [4]
 [4]
 [4]
 [4]
 [4]
 [4]
 [1]
 [1]
 [4]
 [4]
 [4]
 [4]
 [4]
 [4]
 [4]
 [4]
 [4]
 [4]
 [4]
 [1]
 [1]
 [4]
 [4]
 [4]
 [4]
 [4]
 [4]
 [4]
 [4]
 [4]
 [4]
 [4]
 [4]
 [4]
 [4]
 [4]
 [1]
 [1]
 [4]
 [4]
 [4]
 [4]
 [2]
 [2]
 [2]
 [2]
 [2]
 [2]
 [2]
 [2]
 [2]
 [2]
 [2]
 [2]
 [2]
 [2]
 [2]
 [2]
 [2]
 [2]
 [2]
 [2]
 [2]
 [2]
 [2]
 [2]
 [2]
 [2]
 [2]
 [2]
 [2]
 [2]
 [2]
 [2]
 [2]
 [2]
 [2]
 [2]
 [2]
 [2]
 [2]
 [2]
 [2]
 [2]
 [2]
 [2]
 [2]
 [2]
 [3]
 [3]
 [3]
 [3]
 [3]
 [3]
 [3]
 [3]
 [3]
 [3]
 [3]
 [3]
 [3]
 [3]
 [3]
 [3]
 [3]
 [3]
 [3]
 [3]
 [3]
 [3]
 [3]
 [3]
 [3]
 [3]
 [3]
 [3]
 [3]
 [3]
 [3]
 [3]
 [3]
 [3]
 [3]
 [3]
 [1]
 [1]
 [2]
 [2]
 [2]
 [2]
 [2]
 [2]
 [2]
 [2]
 [2]
 [4]
 [4]
 [4]
 [4]
 [4]
 [4]
 [4]
 [1]
 [4]
 [4]
 [4]
 [4]
 [4]
 [4]
 [4]
 [4]
 [4]
 [4]
 [4]
 [4]
 [4]
 [4]
 [4]
 [4]
 [4]
 [4]
 [4]
 [4]
 [4]
 [4]
 [4]
 [4]
 [4]
 [4]
 [4]
 [4]
 [4]
 [4]
 [4]
 [4]
 [0]]"
sub-257	0.18181818181818182	0.06153846153846154	[0.         0.         0.30769231 0.         0.        ]	[2, 2, 2, 2, 2, 2, 2, 2, 2, 2, 2, 2, 2, 2, 2, 2, 2, 2, 2, 2, 2, 2, 2, 2, 2, 2, 2, 2, 2, 2, 2, 2, 2, 2, 2, 2, 2, 2, 2, 2, 2, 2, 2, 2, 2, 2, 2, 2, 2, 2, 2, 2, 2, 2, 2, 2, 2, 2, 2, 2, 2, 2, 2, 2, 2, 2, 2, 2, 2, 2, 2, 2, 2, 2, 2, 2, 2, 2, 2, 2, 2, 2, 2, 2, 2, 2, 2, 2, 2, 2, 2, 2, 2, 2, 2, 2, 2, 2, 2, 2, 2, 2, 2, 2, 2, 2, 2, 2, 2, 2, 2, 2, 2, 2, 2, 2, 2, 2, 2, 2, 2, 2, 2, 2, 2, 2, 2, 2, 2, 2, 2, 2, 2, 2, 2, 2, 2, 2, 2, 2, 2, 2, 2, 2, 2, 2, 2, 2, 2, 2, 2, 2, 2, 2, 2, 2, 2, 2, 2, 2, 2, 2, 2, 2, 2, 2, 2, 2, 2, 2, 2, 2, 2, 2, 2, 2, 2, 2, 2, 2, 2, 2, 2, 2, 2, 2, 2, 2, 2, 2, 2, 2, 2, 2, 2, 2, 2, 2, 2, 2, 2, 2, 2, 2, 2, 2, 2, 2, 2, 2, 2, 2, 2, 2, 2, 2, 2, 2, 2, 2, 2, 2, 2, 2, 2, 2, 2, 2, 2, 2, 2, 2, 2, 2, 2, 2, 2, 2, 2, 2, 2, 2, 2, 2, 2, 2, 2, 2, 2, 2, 2, 2, 2, 2, 2, 2, 2, 2, 2, 2, 2, 2, 2, 2, 2, 2, 2, 2, 2, 2, 2, 2, 2, 2, 2, 2, 2, 2, 2, 2, 2, 2, 2, 2, 2, 2, 2, 2, 2, 2, 2, 2, 2, 2, 2, 2, 2, 2, 2, 2, 2, 2, 2, 2, 2, 2, 2, 2, 2, 2, 2, 2, 2, 2, 2, 2, 2, 2, 2, 2, 2, 2, 2, 2, 2, 2, 2, 2, 2, 2, 2, 2, 2, 2, 2, 2, 2, 2, 2, 2, 2, 2, 2, 2, 2, 2, 2, 2, 2, 2, 2, 2, 2, 2, 2, 2, 2, 2, 2, 2, 2, 2, 2, 2, 2, 2, 2, 2, 2, 2, 2, 2, 2, 2, 2, 2, 2, 2, 2, 2, 2, 2, 2, 2, 2, 2, 2, 2, 2, 2, 2, 2, 2, 2, 2, 2, 2, 2, 2, 2, 2, 2, 2, 2, 2, 2, 2, 2, 2, 2, 2, 2, 2, 2, 2, 2, 2, 2, 2, 2, 2, 2, 2, 2, 2, 2, 2, 2, 2, 2, 2, 2, 2, 2, 2, 2, 2, 2, 2, 2, 2, 2, 2, 2, 2, 2, 2, 2, 2, 2, 2, 2, 2, 2, 2, 2, 2, 2, 2, 2, 2, 2, 2, 2, 2, 2, 2, 2, 2, 2, 2, 2, 2, 2, 2, 2, 2, 2, 2, 2, 2, 2, 2, 2, 2, 2, 2, 2, 2, 2, 2, 2, 2, 2, 2, 2, 2, 2, 2, 2, 2, 2, 2, 2, 2, 2, 2, 2, 2, 2, 2, 2, 2, 2, 2, 2, 2, 2, 2, 2, 2, 2, 2, 2, 2, 2, 2, 2, 2, 2, 2, 2, 2, 2, 2, 2, 2, 2, 2, 2, 2, 2, 2, 2, 2, 2, 2, 2, 2, 2, 2, 2, 2, 2, 2, 2, 2, 2, 2, 2, 2, 2, 2, 2, 2, 2, 2, 2, 2, 2, 2, 2, 2, 2, 2, 2, 2, 2, 2, 2, 2, 2, 2, 2, 2, 2, 2, 2, 2, 2, 2, 2, 2, 2, 2, 2, 2, 2, 2, 2, 2, 2, 2, 2, 2, 2, 2, 2, 2, 2, 2, 2, 2, 2, 2, 2, 2, 2, 2, 2, 2, 2, 2, 2, 2, 2, 2, 2, 2, 2, 2, 2, 2, 2, 2, 2, 2, 2, 2, 2, 2, 2, 2, 2, 2, 2, 2, 2, 2, 2, 2, 2, 2, 2, 2, 2, 2, 2, 2, 2, 2, 2, 2, 2, 2, 2, 2, 2, 2, 2, 2, 2, 2, 2, 2, 2, 2, 2, 2, 2, 2, 2, 2, 2, 2, 2, 2, 2, 2, 2, 2, 2, 2, 2, 2, 2, 2, 2, 2, 2, 2, 2, 2, 2, 2, 2, 2, 2, 2, 2, 2, 2, 2, 2, 2, 2, 2, 2, 2, 2, 2, 2, 2, 2, 2, 2, 2, 2, 2, 2, 2, 2, 2, 2, 2, 2, 2, 2, 2, 2, 2, 2, 2, 2, 2, 2, 2, 2, 2, 2, 2, 2, 2, 2, 2, 2, 2, 2, 2, 2, 2, 2, 2, 2, 2, 2, 2, 2, 2, 2, 2, 2, 2, 2, 2, 2, 2, 2, 2, 2, 2, 2, 2, 2, 2, 2, 2, 2, 2, 2, 2, 2, 2, 2, 2, 2, 2, 2, 2, 2, 2, 2, 2, 2, 2, 2, 2, 2, 2, 2, 2, 2, 2, 2, 2, 2, 2, 2, 2, 2, 2, 2, 2, 2, 2, 2, 2, 2, 2, 2, 2, 2, 2, 2, 2, 2, 2, 2, 2, 2, 2, 2, 2, 2, 2, 2, 2, 2, 2, 2, 2, 2, 2, 2, 2, 2, 2, 2, 2, 2, 2, 2, 2, 2, 2, 2, 2, 2, 2, 2, 2, 2, 2, 2, 2, 2, 2, 2, 2, 2, 2, 2, 2, 2, 2, 2, 2, 2, 2, 2, 2, 2, 2, 2, 2, 2, 2, 2, 2, 2, 2, 2, 2, 2, 2, 2, 2, 2, 2, 2, 2, 2, 2, 2, 2, 2, 2, 2, 2, 2, 2, 2, 2, 2, 2, 2, 2, 2, 2, 2, 2, 2, 2, 2, 2, 2, 2, 2, 2, 2, 2, 2, 2, 2, 2, 2, 2, 2, 2, 2, 2, 2, 2, 2, 2, 2, 2, 2, 2, 2, 2, 2, 2, 2, 2, 2, 2, 2]	"[[0]
 [0]
 [0]
 [0]
 [0]
 [0]
 [0]
 [0]
 [0]
 [0]
 [0]
 [0]
 [0]
 [0]
 [0]
 [0]
 [0]
 [0]
 [0]
 [0]
 [0]
 [0]
 [0]
 [0]
 [0]
 [0]
 [0]
 [0]
 [0]
 [0]
 [0]
 [0]
 [0]
 [0]
 [0]
 [0]
 [0]
 [0]
 [0]
 [0]
 [0]
 [0]
 [1]
 [1]
 [1]
 [1]
 [1]
 [2]
 [2]
 [2]
 [2]
 [2]
 [2]
 [2]
 [2]
 [2]
 [2]
 [3]
 [3]
 [3]
 [3]
 [3]
 [3]
 [3]
 [3]
 [3]
 [3]
 [3]
 [3]
 [3]
 [3]
 [3]
 [3]
 [3]
 [3]
 [3]
 [3]
 [3]
 [3]
 [3]
 [3]
 [3]
 [3]
 [3]
 [3]
 [3]
 [3]
 [3]
 [3]
 [3]
 [3]
 [3]
 [3]
 [3]
 [3]
 [3]
 [3]
 [3]
 [3]
 [3]
 [3]
 [3]
 [3]
 [3]
 [3]
 [3]
 [3]
 [3]
 [3]
 [3]
 [3]
 [3]
 [3]
 [3]
 [3]
 [3]
 [3]
 [3]
 [3]
 [3]
 [3]
 [3]
 [3]
 [3]
 [3]
 [3]
 [3]
 [3]
 [3]
 [3]
 [3]
 [3]
 [1]
 [1]
 [1]
 [2]
 [2]
 [2]
 [2]
 [2]
 [2]
 [2]
 [3]
 [3]
 [3]
 [3]
 [3]
 [3]
 [3]
 [3]
 [3]
 [3]
 [3]
 [3]
 [3]
 [3]
 [3]
 [3]
 [3]
 [3]
 [3]
 [3]
 [3]
 [3]
 [3]
 [3]
 [3]
 [3]
 [3]
 [3]
 [3]
 [3]
 [1]
 [2]
 [2]
 [2]
 [2]
 [2]
 [2]
 [2]
 [2]
 [2]
 [2]
 [3]
 [3]
 [3]
 [3]
 [3]
 [3]
 [3]
 [3]
 [3]
 [3]
 [3]
 [3]
 [3]
 [3]
 [1]
 [0]
 [0]
 [1]
 [1]
 [2]
 [2]
 [2]
 [2]
 [2]
 [2]
 [2]
 [3]
 [3]
 [3]
 [3]
 [3]
 [3]
 [3]
 [3]
 [3]
 [3]
 [3]
 [3]
 [3]
 [3]
 [3]
 [3]
 [3]
 [3]
 [3]
 [3]
 [3]
 [3]
 [3]
 [3]
 [3]
 [3]
 [3]
 [3]
 [3]
 [3]
 [3]
 [3]
 [3]
 [3]
 [3]
 [1]
 [1]
 [1]
 [2]
 [2]
 [3]
 [1]
 [2]
 [3]
 [3]
 [3]
 [3]
 [3]
 [3]
 [3]
 [3]
 [1]
 [1]
 [1]
 [2]
 [2]
 [2]
 [2]
 [2]
 [3]
 [3]
 [3]
 [3]
 [3]
 [3]
 [3]
 [3]
 [3]
 [3]
 [3]
 [3]
 [3]
 [3]
 [3]
 [3]
 [1]
 [0]
 [0]
 [0]
 [0]
 [0]
 [0]
 [0]
 [0]
 [1]
 [2]
 [2]
 [2]
 [2]
 [4]
 [4]
 [4]
 [4]
 [4]
 [4]
 [4]
 [4]
 [4]
 [4]
 [4]
 [4]
 [4]
 [4]
 [4]
 [4]
 [4]
 [4]
 [4]
 [4]
 [4]
 [4]
 [4]
 [4]
 [4]
 [4]
 [4]
 [4]
 [4]
 [4]
 [4]
 [1]
 [0]
 [0]
 [0]
 [0]
 [0]
 [0]
 [0]
 [0]
 [0]
 [0]
 [1]
 [1]
 [1]
 [1]
 [2]
 [2]
 [2]
 [2]
 [0]
 [0]
 [0]
 [0]
 [0]
 [0]
 [0]
 [0]
 [0]
 [0]
 [0]
 [0]
 [0]
 [0]
 [0]
 [0]
 [0]
 [0]
 [0]
 [0]
 [0]
 [0]
 [0]
 [0]
 [0]
 [0]
 [0]
 [0]
 [0]
 [0]
 [0]
 [0]
 [0]
 [1]
 [1]
 [1]
 [1]
 [1]
 [1]
 [1]
 [2]
 [2]
 [2]
 [2]
 [2]
 [2]
 [2]
 [2]
 [2]
 [1]
 [0]
 [0]
 [0]
 [0]
 [0]
 [0]
 [0]
 [0]
 [0]
 [0]
 [1]
 [1]
 [1]
 [2]
 [2]
 [2]
 [2]
 [2]
 [2]
 [2]
 [2]
 [2]
 [2]
 [2]
 [2]
 [2]
 [2]
 [2]
 [2]
 [3]
 [3]
 [3]
 [3]
 [3]
 [3]
 [3]
 [3]
 [3]
 [3]
 [3]
 [3]
 [3]
 [3]
 [3]
 [3]
 [3]
 [3]
 [3]
 [3]
 [3]
 [3]
 [3]
 [3]
 [3]
 [3]
 [3]
 [3]
 [3]
 [3]
 [3]
 [3]
 [3]
 [3]
 [3]
 [3]
 [3]
 [3]
 [3]
 [3]
 [3]
 [3]
 [3]
 [3]
 [3]
 [3]
 [3]
 [3]
 [3]
 [3]
 [3]
 [3]
 [3]
 [3]
 [3]
 [3]
 [3]
 [3]
 [3]
 [3]
 [3]
 [3]
 [3]
 [3]
 [3]
 [1]
 [1]
 [1]
 [2]
 [2]
 [2]
 [2]
 [2]
 [2]
 [2]
 [4]
 [4]
 [4]
 [4]
 [4]
 [1]
 [0]
 [4]
 [4]
 [4]
 [4]
 [4]
 [4]
 [4]
 [4]
 [4]
 [4]
 [4]
 [4]
 [4]
 [4]
 [4]
 [4]
 [4]
 [4]
 [4]
 [4]
 [4]
 [4]
 [4]
 [4]
 [4]
 [4]
 [4]
 [4]
 [4]
 [4]
 [4]
 [4]
 [1]
 [1]
 [1]
 [2]
 [2]
 [2]
 [2]
 [2]
 [2]
 [2]
 [2]
 [2]
 [2]
 [2]
 [2]
 [2]
 [2]
 [2]
 [2]
 [2]
 [2]
 [2]
 [2]
 [2]
 [2]
 [2]
 [2]
 [2]
 [2]
 [2]
 [2]
 [2]
 [3]
 [3]
 [3]
 [3]
 [3]
 [3]
 [3]
 [3]
 [3]
 [1]
 [0]
 [1]
 [2]
 [2]
 [2]
 [2]
 [2]
 [2]
 [2]
 [2]
 [3]
 [3]
 [3]
 [3]
 [3]
 [3]
 [3]
 [3]
 [3]
 [3]
 [3]
 [3]
 [3]
 [3]
 [3]
 [3]
 [3]
 [3]
 [3]
 [3]
 [3]
 [1]
 [1]
 [2]
 [2]
 [2]
 [2]
 [2]
 [2]
 [2]
 [2]
 [2]
 [2]
 [2]
 [2]
 [2]
 [2]
 [2]
 [2]
 [2]
 [1]
 [0]
 [0]
 [0]
 [0]
 [0]
 [0]
 [1]
 [4]
 [4]
 [4]
 [4]
 [4]
 [4]
 [4]
 [4]
 [4]
 [4]
 [4]
 [4]
 [4]
 [4]
 [4]
 [4]
 [4]
 [4]
 [4]
 [4]
 [4]
 [4]
 [4]
 [4]
 [4]
 [4]
 [4]
 [4]
 [4]
 [4]
 [4]
 [4]
 [4]
 [4]
 [4]
 [4]
 [4]
 [4]
 [4]
 [1]
 [1]
 [4]
 [4]
 [4]
 [4]
 [4]
 [4]
 [4]
 [4]
 [4]
 [4]
 [4]
 [4]
 [4]
 [4]
 [4]
 [4]
 [4]
 [4]
 [4]
 [4]
 [4]
 [4]
 [4]
 [4]
 [4]
 [2]
 [2]
 [2]
 [2]
 [2]
 [2]
 [2]
 [2]
 [2]
 [2]
 [2]
 [2]
 [2]
 [2]
 [2]
 [2]
 [2]
 [2]
 [2]
 [2]
 [2]
 [2]
 [3]
 [3]
 [3]
 [3]
 [3]
 [3]
 [3]
 [3]
 [3]
 [3]
 [3]
 [3]
 [3]
 [3]
 [3]
 [3]
 [3]
 [3]
 [3]
 [3]
 [3]
 [3]
 [3]
 [3]
 [3]
 [3]
 [3]
 [3]
 [3]
 [3]
 [3]
 [3]
 [3]
 [3]
 [3]
 [3]
 [3]
 [3]
 [3]
 [3]
 [3]
 [3]
 [3]
 [3]
 [1]
 [1]
 [1]
 [1]
 [1]
 [1]
 [1]
 [1]
 [1]
 [1]
 [2]
 [2]
 [2]
 [1]
 [1]
 [1]
 [2]
 [1]
 [0]
 [0]
 [0]
 [0]
 [0]
 [0]
 [0]
 [0]
 [0]
 [0]
 [0]
 [0]
 [0]
 [0]
 [0]
 [0]
 [0]
 [0]
 [0]
 [1]
 [1]
 [1]
 [1]
 [1]
 [1]
 [1]
 [1]
 [1]
 [1]
 [1]
 [1]
 [1]
 [1]
 [1]
 [1]
 [1]
 [1]
 [1]
 [1]
 [1]
 [1]
 [1]
 [1]
 [1]
 [1]
 [1]
 [1]
 [1]
 [1]
 [1]
 [4]
 [4]
 [4]
 [4]
 [4]
 [4]
 [4]
 [4]
 [4]
 [4]
 [4]
 [4]
 [4]
 [4]
 [4]
 [4]
 [4]
 [4]
 [4]
 [4]
 [4]
 [4]
 [4]
 [1]
 [1]
 [4]
 [4]
 [4]
 [4]
 [2]
 [2]
 [2]
 [2]
 [2]
 [2]
 [2]
 [2]
 [2]
 [2]
 [2]
 [2]
 [2]
 [2]
 [0]
 [0]
 [0]
 [0]
 [0]
 [0]
 [0]
 [0]
 [0]
 [0]
 [0]
 [0]
 [0]
 [0]
 [0]
 [0]
 [0]
 [0]
 [0]
 [0]
 [0]
 [0]
 [1]
 [1]
 [1]
 [1]
 [1]
 [1]
 [1]
 [0]
 [1]
 [1]
 [1]
 [1]
 [0]
 [1]
 [0]
 [0]
 [1]
 [1]
 [1]
 [1]
 [1]
 [1]
 [1]
 [1]
 [1]
 [1]
 [1]
 [1]
 [1]
 [1]
 [1]
 [1]
 [1]
 [1]
 [1]
 [0]
 [0]
 [0]
 [0]
 [0]
 [0]
 [0]
 [0]
 [0]
 [0]
 [0]
 [0]
 [0]
 [0]
 [0]
 [0]
 [0]
 [0]
 [0]
 [0]
 [0]
 [0]
 [0]
 [0]
 [0]
 [0]
 [0]]"
